ID,mother_occupation,father_occupation,gender,Daytime_evening_attendance,Target
0,6,10,1,1,Dropout
1,4,4,1,1,Graduate
2,10,10,1,1,Dropout
3,6,4,0,1,Graduate
4,10,10,0,0,Graduate
5,10,8,1,0,Graduate
6,8,11,0,1,Graduate
7,10,10,1,1,Dropout
8,10,10,0,1,Graduate
9,5,8,0,1,Dropout
10,6,8,0,1,Graduate
11,10,10,0,1,Graduate
12,5,10,0,1,Dropout
13,5,8,0,1,Graduate
14,6,6,0,1,Graduate
15,10,4,0,1,Dropout
17,6,5,0,1,Graduate
18,4,6,0,1,Graduate
20,10,9,0,1,Graduate
22,2,2,0,1,Graduate
23,5,8,0,1,Graduate
24,4,8,0,1,Graduate
26,8,9,0,1,Graduate
28,10,10,0,1,Graduate
31,16,22,1,1,Graduate
33,10,6,0,0,Graduate
34,4,10,1,0,Graduate
35,10,7,1,1,Dropout
36,1,1,1,1,Dropout
37,7,7,0,1,Dropout
38,10,4,0,0,Graduate
39,4,7,0,1,Dropout
40,3,3,0,1,Dropout
41,3,8,0,1,Graduate
42,3,3,0,1,Graduate
43,6,6,0,1,Dropout
44,10,10,0,0,Dropout
46,10,10,0,1,Graduate
47,8,8,0,1,Graduate
48,10,10,0,0,Graduate
49,10,10,0,1,Graduate
50,10,8,0,1,Graduate
53,12,12,0,1,Graduate
54,10,10,0,0,Dropout
55,6,6,0,1,Graduate
56,5,4,0,1,Dropout
57,3,3,0,1,Dropout
58,8,11,0,1,Graduate
60,10,10,0,1,Graduate
61,10,10,0,1,Graduate
65,6,6,1,1,Dropout
66,6,4,1,1,Graduate
67,10,10,1,1,Graduate
68,8,8,1,1,Dropout
71,9,5,1,1,Graduate
72,6,11,1,1,Dropout
73,6,8,1,1,Dropout
74,10,10,1,1,Graduate
75,5,8,1,1,Dropout
76,8,8,1,1,Dropout
77,10,9,1,1,Graduate
78,10,10,1,1,Graduate
79,10,7,1,0,Graduate
80,10,10,1,1,Dropout
81,3,3,1,0,Dropout
82,5,3,1,1,Dropout
84,10,7,0,0,Graduate
85,10,8,0,1,Graduate
86,5,6,0,1,Graduate
87,5,1,1,1,Graduate
90,5,11,1,1,Dropout
91,10,10,0,1,Graduate
92,5,5,0,1,Dropout
93,1,1,0,1,Dropout
94,10,10,0,0,Graduate
96,6,6,0,1,Graduate
97,8,8,0,1,Graduate
99,3,3,0,1,Dropout
100,10,10,0,1,Dropout
101,10,11,0,1,Graduate
102,7,6,0,0,Dropout
103,10,7,0,1,Graduate
104,10,8,0,1,Dropout
105,3,9,0,1,Graduate
106,5,8,0,1,Dropout
107,5,5,0,1,Dropout
108,5,4,0,1,Dropout
110,7,8,0,1,Graduate
112,10,10,0,1,Graduate
113,5,8,0,1,Graduate
114,10,10,0,1,Dropout
118,10,8,0,1,Graduate
119,5,6,0,1,Graduate
120,5,6,0,1,Dropout
121,10,8,0,1,Graduate
122,3,10,0,1,Dropout
123,10,10,0,1,Graduate
124,5,8,0,1,Graduate
125,5,6,0,1,Dropout
126,10,10,0,1,Graduate
128,6,4,0,1,Graduate
129,9,10,0,1,Graduate
130,6,9,0,1,Dropout
131,10,10,0,1,Graduate
132,5,9,0,1,Graduate
133,4,4,0,1,Dropout
134,10,8,0,1,Graduate
135,4,10,0,1,Dropout
136,6,6,0,1,Graduate
137,20,39,0,1,Graduate
139,5,9,0,1,Graduate
140,10,10,0,1,Graduate
141,5,5,0,1,Graduate
143,10,11,0,1,Graduate
144,10,8,0,1,Graduate
145,6,7,0,1,Graduate
146,10,10,0,1,Dropout
147,10,11,0,1,Dropout
148,3,11,0,1,Graduate
149,10,10,0,1,Graduate
151,5,8,0,1,Graduate
153,10,10,0,1,Graduate
154,3,6,0,1,Dropout
155,7,7,0,1,Dropout
156,10,10,0,1,Graduate
157,8,10,0,1,Graduate
158,10,11,0,1,Graduate
159,7,9,0,0,Graduate
160,5,2,0,1,Dropout
161,10,8,0,1,Graduate
162,10,10,0,1,Graduate
163,5,5,0,1,Dropout
164,6,5,0,1,Graduate
165,8,8,0,1,Graduate
167,8,9,0,1,Graduate
168,2,2,0,1,Graduate
169,5,9,0,1,Dropout
171,4,11,0,1,Graduate
172,5,6,0,1,Graduate
173,5,7,0,0,Graduate
174,10,9,0,1,Dropout
176,10,6,0,1,Graduate
177,12,12,0,1,Dropout
178,10,6,0,1,Dropout
179,10,6,0,1,Dropout
180,4,4,0,1,Graduate
182,4,5,0,1,Dropout
183,6,6,0,1,Dropout
184,5,7,0,1,Dropout
185,6,8,0,1,Dropout
187,10,5,0,1,Graduate
188,10,10,0,1,Dropout
189,5,2,0,1,Graduate
190,10,9,0,1,Graduate
192,5,4,0,1,Dropout
193,5,11,0,1,Dropout
194,10,9,0,1,Graduate
195,4,5,0,0,Dropout
196,6,6,0,1,Graduate
197,3,3,0,1,Dropout
198,4,9,0,1,Graduate
200,5,8,0,1,Graduate
201,5,1,0,1,Graduate
202,8,8,0,1,Graduate
203,6,11,0,1,Graduate
204,10,9,0,1,Graduate
205,1,1,0,1,Graduate
206,10,10,0,1,Graduate
207,2,5,0,1,Graduate
208,9,8,0,1,Graduate
209,3,4,0,1,Dropout
210,8,5,0,1,Graduate
211,10,10,0,1,Graduate
212,10,3,0,1,Graduate
213,10,10,0,0,Dropout
214,5,6,0,1,Graduate
216,6,6,0,1,Graduate
217,9,8,0,0,Dropout
218,6,5,0,0,Dropout
219,2,4,0,1,Dropout
220,8,8,0,1,Graduate
221,6,8,0,1,Graduate
222,4,4,0,1,Dropout
223,6,10,0,1,Graduate
224,5,6,0,1,Graduate
225,4,4,0,0,Graduate
226,4,11,0,1,Graduate
227,10,10,0,1,Graduate
228,1,1,0,1,Dropout
229,6,9,0,1,Graduate
230,5,6,0,1,Graduate
231,5,7,0,1,Dropout
232,5,4,0,1,Graduate
233,10,10,0,1,Graduate
234,10,11,0,1,Dropout
235,10,10,0,1,Graduate
236,6,8,0,1,Graduate
237,4,10,0,1,Graduate
238,10,10,0,1,Dropout
239,10,8,0,1,Dropout
242,6,6,0,1,Graduate
243,10,2,0,1,Dropout
244,10,11,0,1,Graduate
245,6,4,0,1,Graduate
246,8,7,0,1,Graduate
247,10,11,0,1,Dropout
248,5,8,0,1,Graduate
249,10,9,0,1,Graduate
251,8,8,0,1,Dropout
252,12,7,0,1,Graduate
254,5,5,0,1,Graduate
255,8,8,0,1,Dropout
256,7,7,0,0,Graduate
258,10,9,0,1,Graduate
259,4,2,0,1,Dropout
260,10,8,0,1,Graduate
261,13,13,0,0,Dropout
262,10,10,0,1,Dropout
263,5,5,0,1,Graduate
264,10,6,0,1,Graduate
265,2,4,0,1,Graduate
266,3,4,0,1,Graduate
267,10,10,0,1,Graduate
268,10,10,0,1,Graduate
269,10,10,0,1,Graduate
270,5,9,0,1,Graduate
271,10,10,0,1,Dropout
272,5,9,0,1,Graduate
273,3,6,0,1,Graduate
274,5,6,0,1,Graduate
275,5,11,0,1,Graduate
276,4,4,0,1,Dropout
277,3,1,0,1,Dropout
279,6,6,0,1,Graduate
280,10,10,0,1,Graduate
281,5,11,0,0,Graduate
282,9,5,0,0,Graduate
283,8,6,0,1,Graduate
284,1,1,0,0,Graduate
285,5,5,0,1,Graduate
287,12,3,0,0,Graduate
288,4,5,0,0,Graduate
289,2,2,0,1,Graduate
290,5,11,0,1,Graduate
291,7,7,0,1,Graduate
293,29,29,0,1,Graduate
294,4,7,0,1,Dropout
295,3,5,0,1,Graduate
296,10,9,0,1,Graduate
297,4,4,0,1,Graduate
298,5,11,0,1,Graduate
299,6,8,0,1,Graduate
300,10,8,0,1,Graduate
301,10,10,0,1,Graduate
302,5,10,0,1,Graduate
303,6,6,0,1,Dropout
304,5,4,0,1,Dropout
306,6,6,0,1,Graduate
307,12,12,0,1,Dropout
308,12,12,0,1,Graduate
309,8,9,0,1,Dropout
310,3,2,0,1,Graduate
311,1,1,0,1,Dropout
312,5,9,0,1,Graduate
313,6,8,0,1,Graduate
314,5,5,0,1,Dropout
315,5,4,0,1,Graduate
316,4,7,0,1,Graduate
317,4,6,0,1,Graduate
318,6,10,0,1,Graduate
320,10,6,0,1,Dropout
321,8,10,0,1,Graduate
322,6,2,0,1,Graduate
323,10,10,0,1,Graduate
325,6,9,0,1,Graduate
326,10,10,0,1,Graduate
327,10,7,0,1,Graduate
331,5,8,0,1,Dropout
332,8,8,0,1,Graduate
333,10,11,0,0,Graduate
334,5,10,0,1,Graduate
335,8,8,0,1,Graduate
336,3,2,0,1,Graduate
337,8,8,0,1,Graduate
338,10,11,0,1,Graduate
339,4,6,0,1,Graduate
341,3,3,0,1,Dropout
342,10,10,0,0,Graduate
343,2,3,0,1,Graduate
345,8,6,0,1,Graduate
347,7,7,0,0,Graduate
348,10,10,0,1,Graduate
350,10,10,0,1,Dropout
351,10,9,0,1,Graduate
352,10,6,0,1,Dropout
353,10,8,0,1,Graduate
354,5,7,0,1,Dropout
355,5,6,0,1,Graduate
356,10,10,0,1,Graduate
357,12,9,0,0,Dropout
359,3,4,0,1,Dropout
360,5,2,0,1,Graduate
361,10,8,0,1,Dropout
363,10,9,0,1,Graduate
365,8,6,0,1,Graduate
366,5,9,0,1,Graduate
368,29,46,0,1,Graduate
369,10,6,0,1,Dropout
370,10,5,0,0,Graduate
372,5,8,0,1,Graduate
373,20,43,0,0,Graduate
374,5,8,0,1,Dropout
376,10,10,0,1,Dropout
377,5,5,0,1,Graduate
380,6,8,0,1,Dropout
383,6,6,0,1,Graduate
384,3,2,0,1,Graduate
385,1,1,0,1,Graduate
386,10,10,0,1,Graduate
387,10,10,0,0,Graduate
389,8,8,0,0,Graduate
392,8,8,0,1,Dropout
393,10,11,0,1,Dropout
394,5,4,0,1,Graduate
395,5,10,0,1,Graduate
396,4,11,0,1,Graduate
397,5,7,0,1,Graduate
398,6,9,0,1,Dropout
399,7,5,0,1,Dropout
404,6,6,0,1,Graduate
405,4,10,0,1,Graduate
406,4,10,0,1,Graduate
407,10,10,0,0,Graduate
408,5,5,0,1,Graduate
409,1,1,0,1,Dropout
410,8,8,0,1,Graduate
411,5,9,0,1,Graduate
412,5,11,0,1,Graduate
413,7,7,0,0,Graduate
414,10,8,0,1,Graduate
415,12,12,0,1,Graduate
416,10,10,0,1,Graduate
417,10,10,0,1,Dropout
418,10,10,0,1,Graduate
419,5,6,0,1,Dropout
420,3,9,0,1,Graduate
421,5,4,0,0,Graduate
422,5,7,0,1,Dropout
423,4,4,0,1,Graduate
424,6,4,0,1,Graduate
425,10,4,0,1,Graduate
426,4,8,0,1,Graduate
428,5,5,0,1,Dropout
429,5,11,0,1,Graduate
430,10,10,0,1,Graduate
431,8,9,0,0,Graduate
432,7,9,0,1,Graduate
433,12,4,0,1,Dropout
434,5,9,0,1,Graduate
435,6,6,0,1,Graduate
437,5,6,0,1,Graduate
438,3,5,0,1,Dropout
439,10,10,0,1,Graduate
442,10,4,0,1,Graduate
443,8,9,0,1,Graduate
444,2,2,0,1,Graduate
445,10,4,0,1,Graduate
446,3,2,0,1,Graduate
447,8,8,0,1,Dropout
448,10,8,0,1,Graduate
450,6,6,0,1,Graduate
451,10,9,0,1,Graduate
452,8,6,0,1,Graduate
453,5,8,0,1,Graduate
455,13,13,0,0,Graduate
456,6,7,0,1,Dropout
457,10,9,0,1,Dropout
458,5,10,0,1,Graduate
459,6,8,0,1,Graduate
460,4,3,0,1,Graduate
461,6,8,0,1,Graduate
462,3,4,0,1,Graduate
463,4,6,0,1,Graduate
465,3,4,0,0,Dropout
467,1,1,0,1,Graduate
468,5,9,0,1,Graduate
469,5,10,0,1,Graduate
470,10,10,0,1,Graduate
471,10,8,0,1,Graduate
472,8,11,0,1,Dropout
473,10,10,0,1,Graduate
474,1,1,0,1,Dropout
475,4,6,0,1,Graduate
476,10,10,0,1,Dropout
477,1,1,0,1,Dropout
478,4,4,0,1,Graduate
480,5,5,0,1,Graduate
481,2,2,0,1,Graduate
482,3,6,0,1,Dropout
484,10,6,0,1,Graduate
485,8,10,0,1,Graduate
486,5,4,0,1,Dropout
487,6,5,0,1,Dropout
488,10,8,0,1,Graduate
489,6,6,0,1,Graduate
490,4,9,0,1,Graduate
491,6,6,0,1,Graduate
492,4,3,0,1,Graduate
495,12,6,0,1,Dropout
496,10,10,0,1,Dropout
497,5,4,0,1,Graduate
498,10,8,0,1,Graduate
499,8,8,0,1,Graduate
501,10,10,0,1,Graduate
503,2,2,0,1,Dropout
504,8,8,0,1,Graduate
507,10,4,0,1,Graduate
508,3,3,0,1,Dropout
509,5,7,0,1,Dropout
511,13,13,0,0,Dropout
512,1,1,0,1,Graduate
513,10,3,0,0,Dropout
514,10,11,0,0,Dropout
515,10,11,0,1,Dropout
516,10,5,0,1,Graduate
517,10,5,0,1,Dropout
518,1,1,0,0,Dropout
519,10,10,0,1,Dropout
520,6,6,0,1,Graduate
521,3,10,0,1,Graduate
522,3,9,0,1,Graduate
523,10,10,0,1,Graduate
524,2,2,0,1,Dropout
525,10,4,1,1,Dropout
527,3,11,1,1,Graduate
528,10,10,1,1,Dropout
529,3,3,1,1,Dropout
531,10,9,1,1,Dropout
532,3,4,1,1,Graduate
533,5,8,1,1,Dropout
534,3,3,1,1,Graduate
535,5,5,1,0,Graduate
536,5,5,1,1,Dropout
537,5,5,1,1,Graduate
538,4,10,1,1,Graduate
539,10,10,1,1,Dropout
540,6,6,1,1,Graduate
542,5,11,1,1,Graduate
543,6,4,1,1,Graduate
549,10,8,1,1,Graduate
550,5,6,1,1,Dropout
551,8,10,1,1,Dropout
552,2,11,1,1,Dropout
553,4,3,1,1,Dropout
554,5,5,1,1,Dropout
555,3,3,1,1,Dropout
557,10,10,1,1,Graduate
559,10,11,1,1,Graduate
560,20,30,1,1,Graduate
562,5,11,1,0,Dropout
563,10,10,1,1,Graduate
564,10,10,1,1,Graduate
565,4,10,1,1,Graduate
566,3,5,1,1,Dropout
567,1,6,1,1,Dropout
568,9,9,1,1,Graduate
569,3,3,1,1,Graduate
570,10,10,1,0,Graduate
571,10,10,1,1,Dropout
572,6,11,1,1,Dropout
574,10,11,1,1,Graduate
575,5,5,1,1,Dropout
576,10,10,1,1,Graduate
578,6,6,0,1,Graduate
579,10,9,0,1,Graduate
580,1,2,0,0,Dropout
581,6,6,0,1,Graduate
583,10,9,0,1,Graduate
584,8,8,0,1,Graduate
585,4,4,0,1,Graduate
586,12,12,0,1,Graduate
587,10,9,0,1,Graduate
588,10,4,0,1,Graduate
589,6,5,0,1,Graduate
590,10,4,0,1,Graduate
592,10,5,0,1,Graduate
595,10,10,0,0,Dropout
596,8,1,0,1,Dropout
597,10,11,0,1,Dropout
598,8,5,0,1,Graduate
599,10,10,0,1,Graduate
600,10,10,0,1,Dropout
601,6,8,0,1,Dropout
602,10,5,0,1,Graduate
603,5,5,0,0,Graduate
604,4,9,0,1,Graduate
605,7,7,0,1,Dropout
606,4,3,0,1,Dropout
607,8,8,0,1,Graduate
608,32,44,0,1,Dropout
610,29,41,0,1,Graduate
611,5,8,0,0,Graduate
612,2,2,0,1,Graduate
614,10,10,0,1,Graduate
615,10,10,0,1,Graduate
616,8,9,0,1,Graduate
617,10,9,0,1,Graduate
618,5,8,0,1,Graduate
620,5,6,0,1,Graduate
621,5,4,0,1,Dropout
622,10,8,0,1,Dropout
623,8,6,0,1,Graduate
624,10,10,0,1,Dropout
625,10,9,0,1,Dropout
626,7,7,0,0,Graduate
627,10,8,0,1,Graduate
628,6,7,0,1,Graduate
629,10,10,0,1,Graduate
630,10,10,0,1,Graduate
632,6,8,0,1,Graduate
633,29,44,0,1,Graduate
634,10,8,0,1,Graduate
635,8,6,0,1,Graduate
636,10,10,0,1,Graduate
638,5,6,0,1,Graduate
639,4,4,0,1,Dropout
640,10,1,0,1,Dropout
644,8,8,0,1,Dropout
647,10,8,0,0,Graduate
648,5,4,0,1,Graduate
649,6,2,0,1,Graduate
650,6,1,0,1,Graduate
652,5,4,0,1,Graduate
653,7,10,0,1,Graduate
654,4,6,0,1,Graduate
657,6,8,0,0,Graduate
658,6,11,0,1,Graduate
659,10,10,0,1,Dropout
660,5,3,0,1,Graduate
662,5,2,0,1,Graduate
663,1,1,0,1,Graduate
664,10,8,1,1,Graduate
665,7,7,0,1,Graduate
666,6,6,0,1,Dropout
667,6,8,0,1,Graduate
668,5,9,0,1,Dropout
669,6,8,0,1,Graduate
670,10,10,0,1,Graduate
671,12,8,0,0,Dropout
672,10,8,0,1,Graduate
673,4,4,0,1,Graduate
674,6,9,0,1,Graduate
675,10,10,0,1,Dropout
676,6,8,0,1,Graduate
678,1,1,1,1,Dropout
679,3,6,0,1,Graduate
680,10,10,0,1,Graduate
681,5,7,0,1,Graduate
682,5,6,0,1,Dropout
683,10,11,0,1,Dropout
684,10,10,1,1,Graduate
685,10,10,1,0,Graduate
686,2,10,1,1,Dropout
687,10,9,1,1,Graduate
688,10,3,1,0,Graduate
689,10,8,1,1,Dropout
690,10,5,1,1,Dropout
691,10,8,1,1,Graduate
693,10,9,1,1,Dropout
694,3,10,1,1,Graduate
695,6,6,1,1,Dropout
696,1,1,1,0,Graduate
698,10,2,1,1,Graduate
699,6,8,1,1,Dropout
701,10,4,1,1,Dropout
702,3,3,1,1,Dropout
703,10,10,1,0,Dropout
704,10,10,1,1,Graduate
705,10,10,1,0,Dropout
706,5,9,1,0,Graduate
707,10,7,1,1,Graduate
708,10,10,1,1,Graduate
709,10,8,1,0,Dropout
710,12,12,1,0,Dropout
711,10,9,1,1,Dropout
712,12,12,1,1,Graduate
713,3,3,1,1,Graduate
714,7,7,1,1,Graduate
715,5,11,1,0,Graduate
716,1,12,1,1,Dropout
717,4,10,1,1,Dropout
720,5,5,1,1,Dropout
722,10,6,1,1,Graduate
723,12,6,1,0,Dropout
724,12,11,1,1,Dropout
725,10,8,1,1,Graduate
726,4,4,1,1,Graduate
727,10,10,1,0,Dropout
728,5,8,1,1,Graduate
730,10,10,1,1,Dropout
731,5,7,1,1,Graduate
732,7,7,1,1,Graduate
733,5,8,1,1,Graduate
734,7,8,1,1,Dropout
735,5,11,1,1,Graduate
737,6,8,1,1,Dropout
739,9,9,1,1,Dropout
740,10,8,1,1,Dropout
741,3,3,1,1,Graduate
742,4,4,1,1,Dropout
743,5,9,1,0,Dropout
744,10,10,1,1,Graduate
745,5,6,1,1,Dropout
746,5,5,1,1,Dropout
747,10,7,1,1,Graduate
748,12,4,1,1,Dropout
749,6,4,0,1,Graduate
750,6,6,0,1,Graduate
751,10,10,0,1,Graduate
752,4,4,0,1,Graduate
753,8,10,0,0,Dropout
754,10,10,1,1,Graduate
755,5,6,1,1,Dropout
756,10,6,1,1,Dropout
757,10,5,1,0,Dropout
758,4,4,1,1,Graduate
759,10,10,0,1,Graduate
760,3,3,1,1,Graduate
762,10,10,1,0,Graduate
764,6,6,1,0,Graduate
767,5,2,0,0,Graduate
768,10,8,1,0,Graduate
769,6,6,1,1,Graduate
770,10,10,0,1,Graduate
771,6,6,0,1,Dropout
773,5,11,0,1,Graduate
775,5,8,0,1,Dropout
776,5,5,0,1,Graduate
777,5,3,0,1,Dropout
779,6,6,0,1,Graduate
780,8,8,0,1,Graduate
781,6,5,0,1,Dropout
782,4,9,0,1,Graduate
784,10,10,0,1,Graduate
785,2,2,0,1,Graduate
786,2,3,0,1,Graduate
787,5,6,0,1,Graduate
788,1,12,0,1,Dropout
789,6,5,0,1,Graduate
790,10,10,0,1,Graduate
791,3,3,1,1,Dropout
792,10,3,0,1,Graduate
793,3,6,0,1,Graduate
794,4,4,0,1,Graduate
795,6,9,0,1,Graduate
796,10,9,0,1,Graduate
797,5,9,0,1,Graduate
798,10,10,0,1,Graduate
801,10,9,0,1,Dropout
802,6,6,0,1,Graduate
803,10,10,0,1,Graduate
804,6,4,0,1,Graduate
806,4,6,0,1,Graduate
808,5,8,0,1,Dropout
810,10,5,0,1,Dropout
811,6,8,0,1,Graduate
812,10,10,0,1,Graduate
813,4,4,0,1,Graduate
814,5,5,0,1,Graduate
817,5,5,0,1,Graduate
819,10,12,0,0,Graduate
820,10,10,0,1,Graduate
821,10,4,0,1,Graduate
823,10,10,0,1,Graduate
824,10,10,0,1,Graduate
825,5,4,0,1,Graduate
826,6,8,0,1,Dropout
827,10,8,0,1,Graduate
828,5,6,0,1,Graduate
829,4,6,0,1,Dropout
830,4,4,0,1,Dropout
831,1,1,0,1,Dropout
833,10,7,1,1,Dropout
834,12,6,1,1,Dropout
836,4,5,1,1,Dropout
838,3,9,1,1,Dropout
839,4,11,1,1,Graduate
840,10,10,0,1,Dropout
842,4,1,1,1,Dropout
843,10,6,0,1,Graduate
844,10,10,0,1,Graduate
845,10,9,0,1,Dropout
846,32,23,0,0,Graduate
847,10,10,0,1,Graduate
849,5,5,0,1,Graduate
850,2,2,0,1,Graduate
852,10,10,0,1,Graduate
853,10,10,1,1,Graduate
855,5,2,1,1,Dropout
856,5,4,1,1,Dropout
857,10,11,1,1,Dropout
858,5,7,1,1,Dropout
859,1,4,1,1,Dropout
860,6,5,1,1,Dropout
861,10,10,1,1,Dropout
862,6,9,1,1,Dropout
863,10,9,1,1,Dropout
864,6,5,1,1,Dropout
865,5,11,1,1,Graduate
866,12,12,1,1,Dropout
867,4,8,1,1,Dropout
868,5,6,1,1,Graduate
869,10,8,1,1,Graduate
870,29,44,1,1,Graduate
871,1,1,1,1,Dropout
872,6,6,1,0,Graduate
874,32,45,1,1,Graduate
875,10,10,1,1,Graduate
876,10,10,1,1,Dropout
877,5,6,1,1,Dropout
878,8,11,1,1,Graduate
879,10,4,1,1,Dropout
880,10,9,1,1,Graduate
881,3,6,1,1,Graduate
882,10,7,1,1,Dropout
883,5,8,1,1,Dropout
884,5,10,0,1,Graduate
885,1,1,0,1,Graduate
886,1,1,0,1,Graduate
887,10,8,0,1,Graduate
888,5,8,0,1,Graduate
889,10,6,0,1,Graduate
890,10,10,0,1,Graduate
891,28,44,0,1,Dropout
892,10,10,0,1,Graduate
893,10,5,0,0,Dropout
894,5,8,0,1,Graduate
895,5,10,0,0,Dropout
896,6,6,0,1,Graduate
897,6,10,0,1,Graduate
899,8,8,0,1,Graduate
900,10,8,0,1,Dropout
901,6,6,0,1,Graduate
902,8,8,0,1,Graduate
903,10,5,0,1,Graduate
904,10,10,0,1,Dropout
905,6,6,0,1,Graduate
906,8,8,0,1,Dropout
907,8,7,0,1,Graduate
909,8,11,0,1,Dropout
910,10,6,0,1,Graduate
911,6,5,0,1,Graduate
912,10,10,0,0,Dropout
913,10,8,0,0,Graduate
914,10,7,0,1,Dropout
915,5,6,0,1,Graduate
916,12,12,0,0,Dropout
917,9,11,0,0,Dropout
918,10,5,0,1,Graduate
919,10,8,0,0,Graduate
920,10,4,0,0,Graduate
921,10,10,0,0,Graduate
922,5,3,0,1,Dropout
923,10,7,0,1,Dropout
925,10,8,0,1,Graduate
926,5,12,0,1,Dropout
929,1,1,0,1,Dropout
931,10,10,0,1,Graduate
932,8,8,0,1,Graduate
933,10,10,0,1,Dropout
935,4,4,0,1,Graduate
936,10,10,0,1,Dropout
939,12,8,0,0,Dropout
940,6,6,0,1,Graduate
941,10,5,0,1,Graduate
943,10,11,0,1,Dropout
944,10,8,0,1,Graduate
945,8,8,0,1,Graduate
946,4,4,1,1,Graduate
947,1,3,1,1,Dropout
948,1,1,1,1,Graduate
949,10,3,1,1,Dropout
950,10,10,1,0,Graduate
951,10,10,1,0,Dropout
952,5,9,1,1,Graduate
953,2,11,0,1,Dropout
954,3,10,1,1,Dropout
955,5,12,1,1,Dropout
956,10,10,1,1,Graduate
957,10,5,1,1,Graduate
958,6,6,1,1,Graduate
959,1,1,1,1,Dropout
960,1,1,1,1,Dropout
961,10,10,1,1,Graduate
962,3,5,1,1,Graduate
964,4,8,1,1,Graduate
965,3,9,1,1,Graduate
966,10,6,1,0,Dropout
967,10,11,1,1,Dropout
968,1,1,1,0,Dropout
970,1,1,1,1,Graduate
971,8,4,1,1,Dropout
972,8,8,1,1,Dropout
973,8,8,1,1,Graduate
974,10,4,1,0,Graduate
976,10,9,1,1,Graduate
977,30,29,1,1,Graduate
978,8,6,1,0,Dropout
979,10,7,1,1,Graduate
980,7,7,1,1,Dropout
982,5,6,1,1,Graduate
984,3,11,1,1,Dropout
985,4,4,1,1,Graduate
986,5,7,1,1,Graduate
987,6,1,1,1,Dropout
988,4,5,1,1,Dropout
989,10,2,1,1,Dropout
990,10,3,0,1,Graduate
991,3,3,0,1,Graduate
992,4,4,0,1,Dropout
993,5,10,0,1,Graduate
994,29,43,0,1,Graduate
995,10,9,0,0,Graduate
998,4,4,0,1,Graduate
999,1,1,0,1,Dropout
1000,6,6,0,1,Dropout
1001,10,10,0,1,Dropout
1002,3,6,0,1,Graduate
1003,8,8,0,1,Graduate
1004,4,5,0,1,Dropout
1005,6,6,0,1,Graduate
1006,10,7,0,1,Graduate
1007,10,11,0,1,Graduate
1008,6,6,0,1,Graduate
1009,4,4,0,1,Graduate
1010,10,11,0,1,Graduate
1011,5,4,0,1,Graduate
1012,5,6,0,1,Graduate
1013,5,6,0,1,Dropout
1014,29,28,0,1,Graduate
1015,10,9,0,1,Graduate
1016,10,10,0,1,Dropout
1017,4,6,0,1,Graduate
1018,10,13,0,1,Dropout
1019,5,10,0,1,Graduate
1020,5,8,0,1,Graduate
1021,5,10,0,1,Graduate
1022,3,3,0,1,Graduate
1023,10,10,0,1,Graduate
1024,29,36,0,1,Graduate
1025,5,12,0,1,Dropout
1026,5,12,0,1,Graduate
1027,10,10,0,1,Graduate
1028,10,5,0,1,Graduate
1029,10,10,0,1,Graduate
1030,5,4,0,1,Graduate
1032,9,9,0,1,Graduate
1033,10,10,0,1,Graduate
1034,8,8,0,1,Dropout
1036,10,8,0,1,Dropout
1037,5,3,0,1,Graduate
1038,5,10,0,1,Graduate
1040,5,6,0,1,Graduate
1041,10,8,0,1,Graduate
1042,10,7,0,1,Graduate
1043,10,10,0,1,Graduate
1044,5,8,0,1,Graduate
1045,5,10,0,0,Dropout
1046,3,11,0,1,Dropout
1047,5,5,0,1,Graduate
1048,10,7,0,1,Graduate
1049,6,6,0,1,Graduate
1050,5,9,0,1,Graduate
1051,5,8,0,1,Graduate
1052,5,6,0,1,Dropout
1053,3,3,0,1,Graduate
1054,10,8,0,1,Graduate
1055,6,8,0,1,Graduate
1056,5,5,0,1,Dropout
1057,2,8,0,1,Graduate
1058,2,6,0,1,Dropout
1059,5,11,0,1,Graduate
1060,6,6,0,1,Dropout
1061,8,8,0,1,Dropout
1062,10,11,0,0,Graduate
1063,5,5,0,1,Graduate
1065,6,11,0,0,Dropout
1066,6,7,0,1,Graduate
1067,4,4,0,1,Graduate
1068,10,9,0,1,Graduate
1069,10,10,0,1,Graduate
1070,5,5,0,1,Graduate
1071,9,9,0,1,Graduate
1073,2,12,0,1,Graduate
1074,10,6,0,1,Graduate
1075,5,8,0,1,Graduate
1076,10,10,0,1,Dropout
1077,6,10,0,1,Dropout
1078,3,4,0,1,Dropout
1079,5,10,0,1,Graduate
1080,5,1,0,1,Graduate
1081,10,10,0,1,Graduate
1083,10,5,0,1,Graduate
1084,10,4,0,1,Graduate
1085,3,2,0,1,Dropout
1086,10,6,0,1,Graduate
1087,18,16,0,1,Graduate
1090,5,6,0,1,Graduate
1091,6,9,0,1,Dropout
1092,1,8,0,1,Graduate
1093,5,5,0,1,Dropout
1094,10,10,0,1,Graduate
1095,10,10,0,1,Dropout
1096,6,9,0,1,Dropout
1097,10,10,0,1,Graduate
1098,6,4,0,1,Graduate
1099,2,10,0,1,Graduate
1100,10,10,0,1,Dropout
1101,10,10,0,1,Dropout
1104,1,6,0,1,Graduate
1105,10,10,0,1,Dropout
1106,1,1,0,1,Dropout
1107,9,9,0,1,Graduate
1108,6,10,0,0,Dropout
1109,12,8,0,1,Graduate
1110,7,7,0,1,Graduate
1111,7,8,0,1,Graduate
1114,10,8,0,1,Graduate
1115,10,8,0,1,Graduate
1116,2,10,0,1,Dropout
1117,10,6,0,1,Graduate
1119,6,10,0,1,Graduate
1121,6,6,0,1,Graduate
1122,5,9,0,1,Graduate
1123,10,10,0,1,Graduate
1124,10,10,0,1,Graduate
1125,10,10,0,1,Graduate
1126,3,11,0,1,Graduate
1127,10,10,0,1,Graduate
1128,10,7,0,1,Graduate
1129,6,9,0,1,Graduate
1130,8,8,0,1,Graduate
1131,10,4,0,1,Graduate
1133,10,6,0,1,Graduate
1134,6,7,0,1,Dropout
1135,6,7,0,1,Dropout
1136,10,10,0,1,Graduate
1137,5,10,0,1,Dropout
1138,4,4,0,1,Graduate
1139,5,7,0,1,Graduate
1140,6,7,0,1,Graduate
1142,3,3,0,1,Dropout
1143,10,6,0,1,Graduate
1145,1,1,0,0,Graduate
1147,6,8,0,0,Graduate
1149,5,5,0,1,Graduate
1150,5,6,0,1,Graduate
1151,10,2,0,1,Dropout
1154,8,8,0,1,Graduate
1156,10,8,0,1,Dropout
1157,10,8,0,1,Graduate
1158,10,8,0,1,Graduate
1159,4,10,0,1,Graduate
1160,10,10,0,0,Graduate
1162,10,6,0,1,Graduate
1163,4,5,0,0,Graduate
1164,10,10,0,1,Dropout
1165,6,10,0,0,Graduate
1166,10,10,0,1,Dropout
1167,1,1,1,1,Graduate
1168,3,8,0,1,Dropout
1169,6,8,1,1,Graduate
1170,6,8,1,1,Graduate
1171,5,4,1,1,Graduate
1172,1,1,1,1,Dropout
1174,10,10,1,1,Graduate
1175,6,6,1,1,Dropout
1176,6,7,0,1,Graduate
1177,10,2,1,1,Graduate
1178,10,10,0,1,Dropout
1179,10,10,0,1,Graduate
1180,10,10,0,1,Dropout
1181,10,10,0,1,Graduate
1182,6,6,0,1,Graduate
1183,10,10,0,1,Dropout
1185,10,10,0,1,Graduate
1187,10,8,0,1,Dropout
1188,6,8,0,1,Graduate
1189,5,5,0,1,Graduate
1190,1,1,0,1,Dropout
1191,5,5,0,1,Graduate
1192,8,8,0,1,Graduate
1193,4,7,0,1,Graduate
1194,10,10,0,1,Graduate
1196,10,4,0,1,Dropout
1197,6,6,0,1,Dropout
1198,5,5,0,1,Graduate
1199,6,6,0,1,Graduate
1200,5,5,0,1,Graduate
1201,5,9,0,0,Graduate
1202,10,8,0,1,Dropout
1203,32,35,0,1,Graduate
1204,1,1,0,1,Dropout
1205,2,10,0,1,Graduate
1206,12,1,0,1,Graduate
1208,1,6,0,0,Dropout
1209,10,10,0,1,Dropout
1210,10,10,0,1,Dropout
1212,10,5,0,1,Graduate
1213,1,1,0,1,Graduate
1215,4,8,0,1,Graduate
1216,6,9,0,1,Graduate
1217,8,7,0,0,Graduate
1218,5,11,0,1,Graduate
1219,10,8,0,1,Graduate
1220,4,5,0,1,Dropout
1221,10,6,0,1,Graduate
1222,6,4,0,0,Dropout
1223,2,6,0,0,Graduate
1224,8,8,0,1,Graduate
1225,8,8,0,1,Graduate
1226,5,4,0,1,Graduate
1227,6,8,0,1,Graduate
1228,5,9,0,1,Graduate
1230,6,7,0,1,Graduate
1231,5,5,0,1,Graduate
1232,5,11,0,1,Graduate
1233,5,6,0,1,Graduate
1234,2,2,0,1,Graduate
1235,8,5,0,0,Dropout
1236,5,4,0,1,Graduate
1237,8,8,1,1,Dropout
1238,10,10,1,1,Graduate
1239,5,5,1,1,Dropout
1240,10,10,1,0,Dropout
1241,5,5,1,1,Dropout
1243,10,2,0,1,Graduate
1244,5,10,0,0,Dropout
1245,6,6,0,1,Dropout
1246,10,10,0,1,Graduate
1247,10,10,0,1,Dropout
1249,6,4,0,1,Dropout
1250,5,9,0,1,Graduate
1251,10,6,0,1,Graduate
1252,8,9,0,1,Graduate
1253,8,9,0,1,Graduate
1255,6,6,0,1,Dropout
1256,6,6,0,1,Graduate
1257,8,8,0,1,Graduate
1258,5,8,0,1,Graduate
1259,10,10,0,1,Graduate
1260,4,4,0,1,Graduate
1261,10,4,1,1,Dropout
1262,10,10,1,1,Dropout
1263,8,4,0,1,Graduate
1264,10,6,0,1,Graduate
1265,5,6,0,1,Graduate
1266,10,11,0,1,Graduate
1267,10,8,0,1,Graduate
1269,7,7,0,1,Dropout
1271,10,10,0,1,Graduate
1272,10,9,0,1,Dropout
1273,8,9,0,1,Dropout
1274,10,8,0,0,Graduate
1275,5,8,0,1,Graduate
1276,10,8,0,1,Graduate
1277,10,10,0,1,Dropout
1279,10,10,0,1,Graduate
1280,5,10,1,1,Graduate
1281,8,10,1,1,Graduate
1282,5,8,1,1,Dropout
1283,5,5,1,1,Graduate
1284,6,8,1,1,Graduate
1285,4,4,1,1,Dropout
1287,10,10,1,1,Graduate
1288,1,1,1,1,Graduate
1289,10,8,1,1,Graduate
1291,10,10,1,1,Graduate
1292,10,8,1,1,Dropout
1293,3,10,1,1,Graduate
1294,10,4,1,1,Dropout
1295,5,5,1,0,Dropout
1296,1,1,1,1,Dropout
1297,10,7,1,1,Dropout
1298,5,10,1,0,Graduate
1300,4,5,1,1,Dropout
1301,4,10,1,1,Dropout
1302,3,3,1,1,Graduate
1303,2,11,1,1,Graduate
1304,8,8,0,1,Graduate
1305,10,10,0,1,Graduate
1306,9,9,0,1,Graduate
1307,6,8,0,1,Graduate
1308,6,8,0,1,Graduate
1309,10,10,0,1,Graduate
1310,21,37,0,1,Graduate
1311,10,7,0,1,Graduate
1312,10,6,0,1,Graduate
1313,3,4,0,1,Dropout
1315,10,8,0,1,Graduate
1317,1,9,0,1,Dropout
1318,6,8,0,1,Dropout
1319,5,9,0,1,Graduate
1320,10,4,0,1,Graduate
1322,10,10,0,1,Graduate
1323,6,6,0,1,Graduate
1325,10,10,0,1,Graduate
1327,1,8,0,1,Dropout
1328,4,4,0,1,Graduate
1330,10,8,0,1,Graduate
1331,4,11,0,1,Graduate
1332,2,4,0,1,Dropout
1334,6,6,0,1,Graduate
1338,10,10,0,1,Dropout
1339,8,9,0,1,Graduate
1340,7,10,0,1,Graduate
1341,10,10,0,1,Graduate
1342,8,8,0,1,Graduate
1343,10,8,0,1,Graduate
1344,5,9,0,1,Dropout
1345,5,5,0,1,Graduate
1346,4,4,0,1,Graduate
1349,5,10,0,1,Graduate
1350,4,4,0,1,Graduate
1351,10,10,0,1,Graduate
1352,5,4,0,1,Graduate
1353,5,10,0,1,Dropout
1356,1,1,0,1,Dropout
1357,10,6,1,1,Dropout
1358,5,11,1,1,Dropout
1359,10,10,1,1,Dropout
1360,15,31,1,1,Dropout
1361,10,10,1,1,Graduate
1362,6,6,1,1,Dropout
1363,10,10,1,1,Graduate
1364,5,10,1,1,Graduate
1365,4,4,1,1,Dropout
1366,4,6,1,1,Dropout
1367,10,10,1,1,Graduate
1368,8,4,1,1,Dropout
1369,10,10,1,1,Graduate
1370,5,9,1,0,Graduate
1371,10,10,1,1,Graduate
1372,6,10,1,1,Graduate
1373,4,6,1,1,Graduate
1374,5,9,1,1,Dropout
1375,6,2,1,1,Dropout
1377,8,8,1,1,Graduate
1378,6,6,1,1,Dropout
1379,6,10,1,1,Dropout
1380,3,9,1,1,Graduate
1381,10,10,1,1,Dropout
1382,5,2,1,1,Graduate
1383,10,9,1,1,Graduate
1384,6,4,1,1,Graduate
1385,2,10,1,1,Dropout
1386,4,3,1,1,Dropout
1387,10,6,1,1,Graduate
1388,5,12,1,1,Dropout
1390,3,8,0,1,Graduate
1391,4,11,0,1,Graduate
1392,10,10,0,1,Dropout
1393,5,10,0,1,Graduate
1394,29,39,0,1,Graduate
1395,10,4,0,1,Graduate
1397,4,10,0,1,Graduate
1398,10,10,0,1,Graduate
1399,10,9,0,1,Graduate
1401,10,8,0,1,Graduate
1402,2,12,0,1,Graduate
1403,10,8,0,1,Graduate
1404,3,9,1,1,Dropout
1405,6,9,1,1,Dropout
1406,6,6,0,1,Graduate
1408,6,1,0,1,Dropout
1409,10,2,1,1,Graduate
1410,10,6,0,0,Dropout
1411,10,8,0,1,Graduate
1412,10,10,1,1,Graduate
1414,5,8,0,1,Graduate
1415,12,12,0,1,Graduate
1416,12,8,0,1,Dropout
1417,6,6,0,1,Graduate
1418,6,8,0,1,Graduate
1419,10,11,0,1,Dropout
1420,10,6,0,1,Dropout
1422,10,8,0,1,Graduate
1423,7,7,0,1,Graduate
1425,6,6,0,1,Graduate
1426,3,7,0,1,Graduate
1429,10,8,0,1,Graduate
1430,6,8,0,1,Graduate
1431,5,10,0,1,Dropout
1433,5,9,0,1,Graduate
1435,4,5,1,1,Dropout
1437,10,10,0,0,Graduate
1438,10,10,0,1,Graduate
1439,10,7,1,1,Graduate
1440,8,4,1,1,Graduate
1441,10,10,1,1,Graduate
1442,5,4,1,1,Graduate
1443,10,6,1,1,Dropout
1444,7,7,1,0,Graduate
1445,5,4,1,1,Dropout
1446,4,6,1,1,Dropout
1447,5,4,1,1,Dropout
1448,10,5,1,1,Dropout
1449,5,5,1,1,Graduate
1450,5,2,1,1,Dropout
1451,10,10,1,1,Graduate
1452,5,2,1,1,Dropout
1453,6,8,1,1,Graduate
1455,5,10,1,1,Dropout
1459,8,8,1,1,Dropout
1460,8,8,1,1,Dropout
1461,10,9,1,1,Graduate
1463,5,5,1,1,Dropout
1465,1,1,1,0,Graduate
1466,10,10,1,1,Dropout
1468,10,8,1,1,Graduate
1469,5,4,1,1,Graduate
1472,5,10,1,1,Graduate
1473,1,5,1,1,Dropout
1475,5,8,1,1,Graduate
1476,10,6,1,0,Dropout
1477,4,4,1,1,Graduate
1478,5,5,1,1,Dropout
1479,5,10,1,1,Dropout
1480,10,5,1,1,Dropout
1481,10,2,0,1,Graduate
1482,3,7,1,1,Graduate
1483,10,10,0,1,Graduate
1484,10,8,0,1,Graduate
1485,5,4,0,1,Graduate
1486,5,3,0,1,Graduate
1488,9,6,1,0,Dropout
1489,5,1,1,1,Graduate
1490,10,10,1,1,Graduate
1491,10,10,1,1,Graduate
1492,3,3,1,1,Dropout
1493,6,9,1,1,Graduate
1494,3,3,1,1,Dropout
1495,3,6,1,1,Graduate
1496,6,6,1,1,Graduate
1497,5,11,1,1,Graduate
1499,5,5,1,1,Graduate
1500,4,4,1,1,Graduate
1501,12,12,1,1,Dropout
1502,6,4,1,0,Graduate
1505,8,8,0,1,Dropout
1507,8,8,1,1,Graduate
1508,8,8,1,1,Graduate
1509,7,7,0,1,Dropout
1510,5,9,1,1,Dropout
1512,6,10,1,1,Graduate
1513,10,10,0,1,Graduate
1514,10,10,0,1,Dropout
1515,10,8,0,1,Graduate
1516,5,2,0,1,Dropout
1517,5,2,1,1,Graduate
1519,10,5,1,1,Dropout
1520,10,10,1,0,Dropout
1521,10,10,1,0,Graduate
1522,10,5,1,1,Dropout
1523,8,5,1,1,Dropout
1525,5,4,1,1,Graduate
1526,6,2,1,1,Dropout
1527,10,10,1,1,Graduate
1528,10,8,0,1,Graduate
1529,3,10,0,1,Dropout
1531,10,6,0,1,Graduate
1532,10,7,0,1,Graduate
1534,10,10,0,1,Graduate
1536,10,9,0,1,Dropout
1537,10,11,0,1,Graduate
1538,8,8,0,1,Dropout
1539,5,8,0,1,Dropout
1540,4,6,0,1,Dropout
1541,8,9,0,1,Dropout
1542,12,12,0,0,Dropout
1543,5,10,1,1,Dropout
1544,1,1,0,0,Dropout
1545,5,10,0,1,Graduate
1547,1,1,0,0,Dropout
1548,10,10,0,1,Dropout
1549,10,10,0,1,Dropout
1550,1,1,0,0,Graduate
1551,10,10,0,1,Graduate
1552,10,10,0,1,Graduate
1553,6,6,0,1,Graduate
1554,10,10,0,0,Graduate
1555,3,8,0,1,Graduate
1556,10,6,1,1,Dropout
1558,10,10,1,1,Dropout
1559,3,11,1,1,Graduate
1562,4,5,0,1,Graduate
1565,8,8,0,1,Graduate
1566,10,6,0,1,Graduate
1567,5,5,1,1,Graduate
1569,10,7,0,1,Dropout
1571,10,11,1,1,Dropout
1572,12,12,1,0,Dropout
1573,10,8,0,1,Dropout
1574,7,7,0,0,Graduate
1575,5,5,0,1,Graduate
1576,10,10,0,1,Dropout
1578,10,9,0,1,Dropout
1580,10,8,1,1,Graduate
1582,4,10,0,0,Dropout
1583,10,10,0,1,Dropout
1584,10,10,0,1,Graduate
1585,10,9,1,1,Graduate
1588,6,5,1,1,Dropout
1589,5,13,1,0,Graduate
1590,5,8,1,1,Dropout
1591,3,11,1,1,Dropout
1593,10,4,1,1,Dropout
1597,10,10,1,1,Graduate
1598,8,8,1,1,Dropout
1599,10,10,1,1,Dropout
1600,1,4,1,1,Graduate
1603,7,7,1,1,Graduate
1604,10,9,1,1,Dropout
1606,4,10,1,1,Graduate
1607,3,2,1,1,Graduate
1609,8,8,1,1,Graduate
1610,5,8,1,1,Dropout
1612,6,6,0,1,Graduate
1613,1,1,0,0,Dropout
1614,6,4,0,0,Graduate
1615,10,6,0,1,Dropout
1616,7,10,0,1,Graduate
1617,8,5,0,0,Dropout
1618,10,10,0,1,Dropout
1619,10,11,0,1,Graduate
1620,10,8,0,1,Graduate
1621,10,10,0,1,Graduate
1622,10,5,0,1,Dropout
1623,10,10,0,1,Dropout
1624,5,8,0,1,Dropout
1625,8,11,0,0,Dropout
1626,10,5,0,1,Graduate
1627,6,6,1,0,Dropout
1628,5,1,1,1,Dropout
1629,10,9,1,1,Dropout
1630,10,10,1,1,Graduate
1631,10,5,1,1,Dropout
1632,10,10,1,0,Graduate
1634,10,11,1,0,Graduate
1635,8,6,1,1,Graduate
1636,7,7,1,1,Graduate
1637,5,5,1,1,Graduate
1638,6,4,1,1,Dropout
1639,3,4,1,1,Graduate
1640,5,4,0,1,Graduate
1641,10,8,0,1,Graduate
1642,5,5,0,1,Graduate
1643,10,10,0,0,Graduate
1644,4,4,0,1,Dropout
1645,5,8,0,1,Dropout
1646,4,4,0,1,Graduate
1647,5,8,0,1,Graduate
1648,10,8,0,1,Dropout
1649,5,10,0,1,Graduate
1651,5,8,0,1,Graduate
1653,4,11,0,1,Graduate
1654,3,10,0,1,Dropout
1655,10,4,0,1,Graduate
1656,2,5,0,1,Graduate
1658,10,10,0,1,Graduate
1660,5,7,0,1,Graduate
1661,6,3,0,1,Graduate
1662,5,5,0,1,Graduate
1663,10,8,0,1,Graduate
1664,10,2,0,1,Graduate
1666,6,7,0,1,Graduate
1667,2,6,0,1,Graduate
1668,5,7,0,1,Dropout
1669,6,9,0,0,Graduate
1671,5,3,0,1,Graduate
1672,5,2,0,1,Dropout
1673,5,5,0,1,Graduate
1674,5,10,0,1,Graduate
1675,5,5,0,1,Dropout
1676,2,8,1,1,Dropout
1677,4,4,1,0,Graduate
1678,5,12,1,1,Graduate
1679,10,10,1,1,Dropout
1682,10,5,1,1,Dropout
1683,4,4,1,1,Dropout
1684,6,6,1,1,Graduate
1685,3,3,1,1,Graduate
1686,10,10,1,1,Graduate
1687,3,3,1,1,Dropout
1689,10,10,1,1,Dropout
1690,1,1,1,1,Dropout
1691,5,8,1,1,Dropout
1692,10,10,1,1,Graduate
1694,4,11,1,1,Dropout
1695,10,9,1,1,Graduate
1696,5,6,1,1,Graduate
1697,1,3,1,1,Dropout
1698,6,6,1,1,Dropout
1699,12,12,1,1,Dropout
1700,10,10,1,1,Graduate
1701,6,6,1,1,Graduate
1702,1,1,1,1,Dropout
1703,8,8,1,1,Graduate
1704,5,10,1,1,Graduate
1706,5,5,1,1,Dropout
1708,8,11,1,1,Dropout
1709,10,6,0,1,Graduate
1711,6,5,0,1,Graduate
1712,4,11,0,1,Dropout
1714,10,10,0,1,Graduate
1715,5,11,0,1,Graduate
1716,8,8,0,1,Graduate
1718,8,8,1,1,Dropout
1719,3,5,1,0,Dropout
1720,10,10,1,1,Graduate
1721,10,10,0,1,Graduate
1722,3,9,0,1,Graduate
1723,10,10,0,1,Graduate
1724,4,11,0,1,Graduate
1725,6,2,0,0,Dropout
1726,13,13,0,1,Graduate
1728,5,10,0,1,Dropout
1729,10,10,1,0,Graduate
1730,6,11,1,1,Graduate
1731,12,9,1,1,Dropout
1732,10,11,1,1,Dropout
1734,10,10,1,1,Dropout
1735,4,9,1,1,Graduate
1736,3,2,1,1,Graduate
1738,6,10,1,1,Graduate
1739,10,11,1,1,Dropout
1740,6,3,1,1,Dropout
1742,3,10,1,1,Dropout
1743,10,7,1,1,Dropout
1744,12,12,1,1,Dropout
1745,5,5,1,1,Dropout
1746,10,5,1,1,Dropout
1747,10,7,1,1,Dropout
1748,10,5,1,1,Dropout
1749,8,8,1,1,Dropout
1751,10,10,1,1,Graduate
1754,3,10,1,1,Dropout
1757,5,9,0,1,Dropout
1758,3,6,0,1,Graduate
1759,5,8,0,1,Graduate
1760,29,36,0,1,Graduate
1761,6,8,0,1,Dropout
1762,2,4,1,1,Graduate
1763,7,5,1,1,Graduate
1764,7,7,1,1,Graduate
1765,10,10,0,1,Dropout
1766,10,10,0,1,Dropout
1768,3,7,1,1,Dropout
1772,10,10,0,1,Graduate
1775,1,1,1,1,Dropout
1776,5,8,1,1,Graduate
1777,10,10,1,0,Dropout
1778,8,8,1,1,Graduate
1779,10,10,1,1,Graduate
1781,4,4,1,1,Graduate
1782,4,8,1,1,Dropout
1784,10,10,1,1,Dropout
1786,10,5,1,1,Dropout
1787,10,10,1,0,Graduate
1788,1,2,1,1,Dropout
1789,5,5,1,1,Graduate
1790,10,5,1,1,Graduate
1791,4,11,1,1,Dropout
1792,3,3,1,0,Dropout
1793,5,8,1,1,Dropout
1795,8,10,0,1,Graduate
1796,10,8,0,1,Graduate
1797,10,10,0,1,Dropout
1798,5,10,0,1,Dropout
1799,10,4,0,1,Dropout
1800,5,2,1,1,Dropout
1801,1,1,1,0,Graduate
1802,10,10,1,1,Graduate
1803,5,5,1,1,Dropout
1804,10,6,1,1,Dropout
1805,3,10,1,0,Dropout
1807,2,2,1,1,Dropout
1809,6,4,1,0,Graduate
1810,10,10,1,1,Graduate
1811,4,4,0,1,Graduate
1812,6,6,1,1,Dropout
1813,10,10,1,1,Graduate
1814,5,8,1,1,Dropout
1816,7,7,0,0,Graduate
1817,10,10,0,1,Graduate
1818,10,10,0,1,Dropout
1819,4,4,0,1,Dropout
1823,5,5,0,1,Dropout
1824,4,4,0,1,Graduate
1825,6,4,0,1,Graduate
1826,6,8,0,1,Graduate
1828,5,6,0,1,Dropout
1830,10,9,0,1,Dropout
1831,5,5,0,1,Graduate
1832,10,9,0,1,Graduate
1833,10,10,0,1,Dropout
1834,4,10,0,1,Graduate
1835,29,43,0,1,Graduate
1836,10,4,0,0,Graduate
1838,3,6,0,1,Graduate
1839,5,5,0,1,Graduate
1840,1,6,0,1,Dropout
1841,4,11,1,1,Dropout
1842,4,7,1,1,Graduate
1844,10,10,1,1,Graduate
1845,3,5,1,1,Dropout
1846,6,3,1,1,Dropout
1847,10,11,1,0,Dropout
1848,3,3,1,1,Graduate
1850,8,11,1,1,Dropout
1851,10,8,1,1,Dropout
1852,4,4,1,1,Graduate
1853,3,11,1,1,Graduate
1854,12,12,1,1,Dropout
1855,12,12,1,1,Dropout
1856,10,10,0,1,Graduate
1857,10,10,1,1,Graduate
1858,5,3,1,1,Graduate
1860,1,6,1,1,Dropout
1862,6,5,1,1,Dropout
1863,10,6,1,1,Graduate
1864,5,5,1,1,Dropout
1865,4,8,1,0,Graduate
1866,6,10,1,1,Dropout
1867,10,7,1,0,Dropout
1868,10,9,1,1,Graduate
1869,1,1,1,1,Graduate
1870,8,3,1,1,Dropout
1871,5,5,1,1,Dropout
1872,5,11,1,1,Graduate
1873,1,1,1,0,Dropout
1874,8,8,1,1,Graduate
1875,10,10,1,1,Graduate
1876,4,8,1,1,Dropout
1877,5,5,1,1,Dropout
1878,6,6,1,1,Dropout
1879,5,10,1,1,Graduate
1881,10,5,1,1,Dropout
1882,10,10,0,1,Dropout
1883,11,6,1,1,Graduate
1885,10,4,0,1,Graduate
1886,10,8,1,1,Dropout
1887,6,1,1,1,Dropout
1888,3,9,0,1,Graduate
1889,10,4,0,1,Graduate
1890,5,5,0,1,Graduate
1891,8,8,0,1,Graduate
1892,5,4,0,1,Dropout
1894,5,4,0,1,Graduate
1897,3,3,0,1,Dropout
1898,5,2,0,1,Graduate
1899,3,9,0,1,Graduate
1900,4,1,0,1,Graduate
1901,5,5,0,1,Graduate
1902,5,5,0,1,Graduate
1903,5,11,0,1,Graduate
1904,8,10,0,1,Graduate
1905,5,9,0,1,Graduate
1906,6,10,0,1,Graduate
1907,10,11,0,1,Graduate
1909,3,3,0,1,Graduate
1910,5,6,0,1,Graduate
1911,6,8,0,1,Graduate
1912,10,4,0,1,Graduate
1913,4,4,0,0,Dropout
1914,10,5,0,1,Graduate
1915,5,9,0,1,Graduate
1916,6,9,0,1,Graduate
1917,10,11,0,1,Graduate
1918,10,10,0,1,Graduate
1921,10,9,0,1,Graduate
1923,6,2,0,1,Graduate
1924,5,8,0,1,Dropout
1925,5,11,0,1,Graduate
1926,10,5,0,1,Graduate
1927,10,10,0,1,Graduate
1929,10,10,0,1,Graduate
1930,2,2,0,1,Graduate
1931,6,8,0,1,Graduate
1932,4,4,0,1,Graduate
1933,10,5,0,1,Graduate
1934,10,10,0,1,Graduate
1935,4,4,0,1,Graduate
1936,3,11,0,1,Graduate
1937,5,6,0,1,Graduate
1938,5,11,0,1,Dropout
1939,4,5,0,1,Graduate
1940,10,5,0,1,Graduate
1941,10,7,0,1,Graduate
1942,10,10,0,1,Graduate
1943,4,6,0,1,Graduate
1944,5,8,0,1,Dropout
1945,10,10,0,1,Graduate
1946,6,4,0,1,Graduate
1947,5,11,0,1,Graduate
1948,10,10,0,1,Graduate
1949,6,6,0,1,Graduate
1950,5,8,0,1,Dropout
1951,10,10,0,1,Dropout
1952,8,8,0,1,Dropout
1953,6,7,0,1,Graduate
1955,5,1,0,1,Graduate
1957,5,5,0,1,Graduate
1958,5,10,0,1,Dropout
1960,5,10,0,1,Graduate
1962,6,5,0,1,Graduate
1963,5,5,0,1,Graduate
1964,5,2,0,1,Graduate
1965,3,5,0,1,Graduate
1966,4,5,0,1,Graduate
1969,5,8,0,1,Graduate
1971,3,5,0,1,Graduate
1972,6,5,0,1,Dropout
1973,5,7,0,1,Graduate
1974,4,11,0,1,Graduate
1975,5,5,0,1,Dropout
1977,29,15,0,1,Graduate
1979,10,10,0,1,Graduate
1980,10,10,0,1,Graduate
1981,8,8,0,1,Graduate
1982,7,7,0,1,Graduate
1983,6,9,0,1,Graduate
1984,6,6,0,1,Graduate
1985,10,8,0,1,Graduate
1986,10,10,0,1,Graduate
1988,4,4,0,1,Graduate
1990,6,6,0,0,Graduate
1991,10,10,0,1,Dropout
1993,31,40,0,1,Graduate
1994,1,1,0,1,Dropout
1995,1,3,0,1,Graduate
1996,5,9,0,1,Graduate
1997,10,10,0,1,Graduate
1998,5,8,0,0,Dropout
1999,10,8,0,1,Graduate
2000,10,7,0,1,Dropout
2001,10,6,0,1,Dropout
2002,10,10,0,1,Graduate
2003,5,9,0,1,Dropout
2004,1,1,0,1,Dropout
2005,5,11,0,1,Graduate
2006,10,9,0,0,Graduate
2007,10,3,0,1,Graduate
2008,10,8,0,1,Graduate
2009,12,12,0,1,Dropout
2010,10,6,0,1,Graduate
2011,10,5,0,0,Graduate
2012,6,4,0,1,Dropout
2013,10,10,0,1,Dropout
2014,5,5,0,1,Dropout
2015,7,7,0,1,Graduate
2016,7,7,0,1,Graduate
2017,10,11,0,1,Graduate
2019,5,10,1,1,Graduate
2020,10,6,1,1,Dropout
2021,10,5,0,1,Dropout
2022,10,10,1,1,Dropout
2023,6,9,1,1,Graduate
2025,5,11,1,1,Graduate
2026,4,4,1,1,Graduate
2028,5,10,0,1,Graduate
2029,10,7,1,1,Graduate
2030,10,11,0,1,Graduate
2031,10,10,0,1,Dropout
2032,10,7,0,1,Graduate
2033,10,10,1,0,Dropout
2034,7,7,1,1,Graduate
2036,6,10,1,1,Dropout
2037,2,2,0,1,Dropout
2038,10,10,0,1,Graduate
2039,8,8,0,1,Graduate
2040,10,10,0,1,Dropout
2041,5,7,0,0,Graduate
2042,10,4,1,1,Graduate
2043,10,10,0,1,Graduate
2044,4,4,0,1,Graduate
2045,10,2,0,1,Graduate
2046,8,8,0,1,Dropout
2047,8,8,0,1,Dropout
2048,3,6,0,1,Graduate
2049,10,8,0,1,Graduate
2050,10,4,0,1,Graduate
2051,8,8,0,1,Graduate
2052,5,6,0,1,Dropout
2054,5,6,0,1,Graduate
2055,10,9,0,1,Graduate
2056,10,8,0,1,Graduate
2058,6,8,0,1,Graduate
2059,5,11,0,1,Dropout
2060,4,10,0,1,Graduate
2061,10,9,0,1,Graduate
2062,10,10,0,1,Graduate
2063,5,8,0,1,Graduate
2064,10,10,0,1,Graduate
2065,10,9,0,1,Graduate
2066,8,11,0,1,Graduate
2067,5,5,0,1,Graduate
2069,10,8,1,1,Dropout
2070,2,11,0,1,Graduate
2071,10,5,0,1,Graduate
2072,6,10,0,1,Graduate
2073,10,10,0,1,Graduate
2074,4,10,0,1,Graduate
2075,10,5,0,1,Graduate
2076,5,11,0,1,Graduate
2077,5,9,0,1,Graduate
2078,4,7,0,1,Graduate
2079,8,8,0,1,Graduate
2080,10,10,0,1,Graduate
2081,3,2,0,1,Graduate
2082,10,9,0,1,Graduate
2083,3,4,0,1,Graduate
2084,10,10,0,1,Graduate
2085,13,12,0,1,Dropout
2086,5,5,0,0,Dropout
2087,4,7,0,1,Dropout
2088,5,9,0,1,Graduate
2089,5,8,0,1,Dropout
2090,6,8,0,1,Graduate
2092,3,2,0,1,Graduate
2093,10,10,0,1,Graduate
2094,3,3,0,1,Dropout
2095,3,3,0,1,Graduate
2096,5,5,0,1,Dropout
2097,8,8,0,1,Graduate
2098,6,6,0,1,Graduate
2099,6,6,0,1,Dropout
2101,5,4,0,0,Graduate
2102,10,9,0,1,Graduate
2103,4,1,0,1,Dropout
2104,10,10,0,1,Graduate
2107,10,10,0,1,Graduate
2109,3,3,0,1,Graduate
2111,10,3,0,1,Graduate
2112,10,10,0,1,Graduate
2113,28,42,0,1,Graduate
2114,6,6,0,1,Dropout
2115,6,6,0,1,Dropout
2116,5,5,0,1,Graduate
2117,10,10,0,1,Dropout
2118,12,5,0,1,Graduate
2120,5,10,0,1,Dropout
2121,6,6,0,1,Graduate
2122,10,8,0,1,Graduate
2123,5,11,0,1,Dropout
2124,4,4,0,1,Graduate
2125,10,10,0,1,Dropout
2126,6,8,0,1,Dropout
2127,2,2,0,1,Dropout
2128,9,9,0,1,Dropout
2129,6,8,0,1,Graduate
2131,6,8,0,1,Graduate
2132,5,6,0,1,Graduate
2133,5,6,0,1,Graduate
2134,2,2,0,1,Graduate
2135,5,2,0,1,Dropout
2136,10,10,0,1,Graduate
2137,10,10,0,1,Graduate
2138,5,9,0,1,Graduate
2139,6,9,0,1,Dropout
2141,5,10,0,1,Graduate
2142,10,10,0,1,Graduate
2143,3,4,0,1,Graduate
2144,8,10,0,0,Graduate
2146,10,7,0,1,Graduate
2147,10,6,0,1,Graduate
2148,5,6,0,1,Graduate
2149,6,6,0,1,Graduate
2150,4,4,0,1,Graduate
2152,8,8,0,1,Graduate
2153,5,10,0,1,Graduate
2154,23,44,0,1,Graduate
2155,10,10,0,1,Graduate
2157,10,11,0,1,Graduate
2158,4,6,0,1,Graduate
2159,6,9,0,1,Dropout
2160,2,3,0,1,Graduate
2161,1,1,0,1,Dropout
2162,8,10,0,1,Dropout
2163,4,4,0,1,Graduate
2164,4,4,0,1,Graduate
2165,10,4,0,1,Graduate
2166,6,10,0,1,Graduate
2167,10,10,0,1,Graduate
2168,4,3,0,1,Graduate
2169,3,2,0,1,Graduate
2170,6,9,0,1,Graduate
2171,5,5,0,1,Graduate
2172,10,8,0,1,Graduate
2173,5,3,0,1,Dropout
2174,5,4,0,1,Graduate
2175,10,2,0,1,Graduate
2176,8,4,0,1,Graduate
2177,1,1,0,0,Dropout
2178,6,6,0,1,Graduate
2179,6,6,0,1,Graduate
2180,8,8,0,1,Dropout
2181,6,5,0,1,Graduate
2182,8,8,0,1,Graduate
2183,10,4,0,1,Dropout
2185,8,6,0,1,Graduate
2187,6,8,0,1,Graduate
2188,3,4,0,1,Graduate
2189,6,6,1,1,Dropout
2191,3,4,1,1,Dropout
2192,3,5,1,1,Dropout
2194,6,9,1,1,Graduate
2198,10,10,1,1,Dropout
2199,10,11,1,1,Dropout
2200,10,8,1,0,Dropout
2201,10,2,1,1,Graduate
2202,7,7,1,1,Graduate
2203,10,10,1,1,Dropout
2204,5,11,1,1,Graduate
2206,4,4,1,1,Dropout
2209,10,6,1,1,Dropout
2210,5,5,1,1,Graduate
2211,10,10,1,1,Graduate
2213,10,10,1,1,Dropout
2214,10,8,1,1,Graduate
2216,3,3,1,1,Graduate
2217,5,10,1,1,Dropout
2218,5,9,1,1,Graduate
2219,10,9,1,1,Graduate
2220,5,10,1,1,Graduate
2221,6,11,1,1,Graduate
2223,5,7,1,1,Dropout
2224,10,8,1,1,Graduate
2225,10,10,1,1,Dropout
2226,4,4,1,1,Graduate
2227,10,7,1,1,Dropout
2228,10,4,1,1,Dropout
2229,4,10,1,1,Graduate
2230,5,9,1,1,Graduate
2231,3,3,1,1,Dropout
2232,2,2,1,1,Dropout
2233,1,1,1,1,Dropout
2235,5,9,1,1,Graduate
2237,5,6,1,1,Dropout
2240,4,5,1,1,Graduate
2243,6,8,1,1,Graduate
2244,12,12,1,1,Dropout
2245,10,9,1,1,Graduate
2248,10,9,1,1,Dropout
2249,5,11,1,1,Graduate
2250,5,4,1,1,Dropout
2251,10,8,1,1,Dropout
2252,3,3,1,1,Dropout
2253,1,1,1,1,Dropout
2254,6,6,1,0,Dropout
2255,10,7,1,1,Dropout
2256,6,7,1,1,Dropout
2258,3,3,1,1,Dropout
2259,10,7,1,0,Graduate
2261,5,5,1,1,Dropout
2262,3,4,1,1,Dropout
2263,10,10,1,1,Dropout
2266,10,5,1,1,Dropout
2267,4,5,1,1,Dropout
2268,3,5,1,1,Dropout
2269,2,2,1,0,Dropout
2270,13,13,1,0,Dropout
2271,10,11,1,1,Graduate
2272,6,6,1,0,Dropout
2273,1,1,1,0,Dropout
2274,10,10,1,1,Dropout
2275,5,3,1,0,Dropout
2276,7,7,1,0,Graduate
2277,6,4,1,1,Graduate
2279,6,6,1,0,Dropout
2280,5,3,1,1,Graduate
2282,10,10,1,1,Dropout
2283,2,3,1,1,Graduate
2285,10,10,1,1,Dropout
2286,7,9,1,0,Graduate
2287,4,4,1,1,Graduate
2289,3,8,1,0,Dropout
2290,3,3,1,1,Dropout
2291,6,11,1,1,Graduate
2292,12,12,1,1,Dropout
2293,10,10,1,1,Graduate
2294,5,10,1,1,Dropout
2295,5,8,1,1,Graduate
2296,4,4,1,1,Dropout
2297,3,3,1,1,Graduate
2298,5,5,1,1,Graduate
2299,6,11,1,1,Dropout
2304,5,9,1,1,Dropout
2306,3,4,1,1,Dropout
2307,3,10,1,0,Dropout
2308,12,12,1,1,Dropout
2309,4,4,1,1,Graduate
2310,10,10,1,1,Graduate
2311,10,10,1,1,Graduate
2312,1,5,1,1,Dropout
2313,7,7,1,1,Graduate
2314,4,5,1,1,Graduate
2315,10,9,1,1,Dropout
2316,5,4,1,1,Dropout
2317,4,4,1,0,Dropout
2318,5,9,1,1,Dropout
2319,5,9,1,1,Graduate
2320,10,3,1,1,Dropout
2322,10,10,1,0,Dropout
2324,10,3,1,1,Graduate
2325,10,10,1,1,Dropout
2327,2,5,1,0,Dropout
2328,10,3,1,1,Graduate
2329,6,11,1,1,Dropout
2330,1,1,1,0,Dropout
2331,10,8,1,1,Dropout
2332,5,11,1,1,Graduate
2333,5,5,1,1,Dropout
2334,10,10,1,1,Graduate
2335,4,4,1,1,Graduate
2336,10,5,1,0,Dropout
2337,10,10,1,1,Dropout
2338,6,10,1,1,Dropout
2340,10,11,1,1,Dropout
2342,5,2,1,1,Graduate
2343,10,5,1,0,Graduate
2344,3,3,1,1,Graduate
2345,4,9,1,1,Graduate
2347,5,4,1,1,Graduate
2348,4,4,1,1,Dropout
2349,10,10,1,1,Graduate
2350,5,10,1,1,Graduate
2351,4,7,1,1,Graduate
2352,2,3,1,1,Graduate
2353,10,10,1,1,Graduate
2354,12,12,1,1,Dropout
2355,3,4,1,1,Graduate
2356,5,4,1,1,Graduate
2357,7,7,1,1,Dropout
2358,3,3,1,1,Graduate
2359,3,4,1,1,Dropout
2361,5,4,1,1,Dropout
2362,10,10,1,1,Graduate
2365,5,8,1,1,Graduate
2367,3,9,1,1,Graduate
2369,5,6,1,1,Dropout
2371,10,3,1,1,Graduate
2375,6,9,1,1,Dropout
2376,8,4,1,1,Graduate
2377,10,10,1,1,Dropout
2378,3,3,1,0,Dropout
2379,10,8,1,1,Graduate
2380,5,8,1,1,Graduate
2381,6,8,1,1,Graduate
2382,5,5,1,1,Dropout
2385,5,1,1,1,Graduate
2387,6,8,1,1,Graduate
2388,6,6,1,1,Dropout
2389,6,6,1,1,Dropout
2390,10,2,1,1,Dropout
2391,6,5,1,1,Dropout
2393,5,6,1,1,Dropout
2394,7,6,1,1,Graduate
2396,5,6,1,1,Dropout
2398,3,4,1,1,Graduate
2399,6,6,1,1,Graduate
2400,10,2,1,0,Dropout
2401,10,10,1,0,Graduate
2402,10,4,1,1,Dropout
2403,6,11,1,1,Graduate
2404,10,10,1,1,Dropout
2405,10,10,1,0,Graduate
2406,8,8,1,1,Graduate
2407,6,6,1,1,Dropout
2408,3,3,1,0,Dropout
2409,10,10,1,0,Dropout
2410,12,12,1,1,Dropout
2411,12,12,0,0,Dropout
2413,1,1,0,0,Graduate
2414,10,10,1,1,Graduate
2415,1,6,1,1,Dropout
2416,10,10,1,1,Dropout
2417,10,10,1,0,Graduate
2418,10,10,1,1,Graduate
2420,10,11,1,1,Dropout
2421,6,6,1,0,Dropout
2422,10,10,1,1,Graduate
2423,10,9,1,1,Dropout
2424,6,6,1,1,Dropout
2425,10,10,1,1,Dropout
2426,10,10,1,0,Dropout
2427,10,10,1,1,Graduate
2428,5,11,1,1,Dropout
2429,1,1,1,1,Dropout
2430,7,4,1,1,Graduate
2431,10,10,1,0,Graduate
2432,10,8,1,1,Dropout
2435,6,9,1,1,Graduate
2436,3,7,1,1,Graduate
2437,10,6,1,1,Dropout
2438,10,8,1,1,Dropout
2439,1,1,1,1,Dropout
2440,5,8,1,1,Dropout
2442,1,1,1,1,Dropout
2443,5,7,1,1,Graduate
2444,1,1,1,1,Dropout
2446,7,7,1,0,Dropout
2447,10,11,1,1,Graduate
2448,10,5,1,1,Dropout
2449,10,10,1,0,Dropout
2451,10,11,1,1,Dropout
2452,10,10,1,1,Graduate
2454,4,6,1,1,Dropout
2455,6,6,1,1,Graduate
2456,8,8,1,1,Graduate
2458,6,6,1,1,Dropout
2459,10,10,1,1,Graduate
2460,8,5,1,1,Dropout
2461,10,7,1,1,Dropout
2462,3,3,1,1,Dropout
2463,10,10,1,1,Dropout
2464,10,10,1,0,Dropout
2465,10,11,1,1,Dropout
2468,9,8,1,1,Dropout
2469,10,10,1,1,Dropout
2471,12,12,1,1,Dropout
2472,10,10,1,1,Dropout
2473,2,7,1,1,Dropout
2474,3,6,1,1,Graduate
2475,10,10,1,0,Dropout
2476,5,5,1,1,Graduate
2478,5,8,1,1,Graduate
2479,10,5,1,1,Dropout
2481,6,6,1,1,Graduate
2482,6,6,1,0,Graduate
2483,10,7,1,1,Graduate
2484,10,6,1,1,Graduate
2485,10,10,1,1,Dropout
2486,12,13,1,1,Dropout
2487,10,8,1,1,Dropout
2489,3,9,1,1,Graduate
2492,5,5,1,0,Dropout
2493,9,8,1,1,Graduate
2494,10,10,1,1,Graduate
2495,1,1,1,1,Graduate
2496,10,10,1,1,Graduate
2497,10,11,0,0,Graduate
2498,3,8,1,1,Dropout
2499,10,10,0,1,Dropout
2500,2,2,0,1,Graduate
2501,10,2,0,0,Graduate
2502,6,8,0,1,Graduate
2503,6,6,0,1,Graduate
2504,10,6,0,1,Dropout
2505,10,10,0,1,Graduate
2506,5,10,0,1,Graduate
2507,10,8,1,0,Graduate
2508,10,8,1,1,Graduate
2509,10,8,1,1,Graduate
2510,4,6,0,1,Dropout
2512,3,3,0,1,Graduate
2513,5,10,0,1,Graduate
2514,5,4,0,1,Dropout
2516,2,6,0,1,Graduate
2517,10,6,0,1,Graduate
2518,6,5,0,1,Graduate
2519,6,6,0,1,Graduate
2520,6,8,0,1,Graduate
2521,8,5,0,1,Graduate
2522,8,8,0,1,Graduate
2523,6,6,0,1,Dropout
2524,10,6,0,1,Dropout
2525,5,8,0,1,Graduate
2526,10,8,0,1,Dropout
2527,8,8,0,1,Graduate
2528,3,7,0,1,Graduate
2529,5,9,0,1,Graduate
2530,5,8,0,1,Graduate
2531,10,7,0,1,Graduate
2532,4,6,0,1,Graduate
2534,9,8,0,1,Graduate
2537,8,8,0,1,Graduate
2538,3,8,0,1,Graduate
2539,10,6,0,1,Graduate
2540,5,8,0,1,Dropout
2541,5,6,0,1,Dropout
2542,10,10,0,1,Graduate
2543,5,4,0,1,Dropout
2545,3,9,0,1,Graduate
2546,10,6,0,1,Graduate
2547,8,8,0,1,Graduate
2548,10,10,1,1,Graduate
2549,6,4,1,1,Dropout
2550,10,10,0,0,Graduate
2552,6,6,0,0,Graduate
2553,1,1,1,0,Dropout
2556,3,4,0,1,Graduate
2559,6,11,0,1,Dropout
2560,3,8,0,1,Graduate
2561,8,8,0,1,Graduate
2562,3,11,0,1,Dropout
2564,6,6,0,1,Graduate
2565,10,7,1,1,Graduate
2566,6,5,0,1,Graduate
2569,4,10,0,1,Graduate
2570,10,8,0,1,Graduate
2571,10,10,0,1,Graduate
2572,5,11,0,1,Graduate
2573,10,10,0,1,Graduate
2574,5,10,0,1,Graduate
2575,8,6,0,0,Graduate
2576,10,10,0,1,Dropout
2577,10,8,0,1,Dropout
2578,6,9,0,1,Graduate
2579,10,10,0,1,Graduate
2580,5,8,0,1,Graduate
2581,5,8,0,1,Dropout
2582,10,6,0,1,Graduate
2584,10,5,0,1,Graduate
2585,1,1,0,0,Graduate
2588,10,11,0,1,Dropout
2590,10,10,0,1,Dropout
2592,10,9,0,1,Graduate
2593,5,6,0,1,Dropout
2595,6,10,0,1,Graduate
2596,6,10,0,1,Dropout
2597,10,10,0,1,Dropout
2600,6,10,0,1,Dropout
2602,6,9,0,1,Graduate
2603,10,9,0,1,Dropout
2604,8,6,0,1,Dropout
2605,30,43,0,1,Graduate
2606,6,6,0,1,Graduate
2607,10,8,0,1,Dropout
2608,6,6,0,1,Graduate
2609,10,10,0,0,Dropout
2610,6,9,0,1,Graduate
2611,6,6,1,1,Graduate
2612,6,6,0,1,Graduate
2613,5,10,1,0,Dropout
2614,3,10,1,1,Dropout
2615,10,10,1,1,Dropout
2616,6,8,0,1,Dropout
2617,6,5,0,1,Graduate
2618,6,6,0,1,Dropout
2619,6,6,0,1,Graduate
2621,10,10,0,1,Graduate
2622,19,44,0,0,Graduate
2623,10,9,0,0,Dropout
2624,4,10,0,1,Graduate
2625,10,10,1,0,Dropout
2626,5,4,1,1,Graduate
2630,10,8,1,0,Dropout
2631,1,6,1,1,Dropout
2632,8,5,1,1,Graduate
2633,5,5,1,1,Graduate
2635,3,5,1,1,Dropout
2636,10,10,1,1,Dropout
2637,3,3,1,1,Graduate
2638,10,8,1,1,Graduate
2639,5,8,1,1,Graduate
2640,10,10,1,1,Dropout
2641,10,10,1,1,Graduate
2642,3,3,1,1,Dropout
2643,6,5,1,0,Dropout
2644,7,5,1,1,Graduate
2645,8,8,1,1,Dropout
2647,10,6,1,1,Dropout
2648,10,11,1,0,Dropout
2649,10,9,1,1,Dropout
2651,3,11,1,1,Dropout
2652,5,6,1,1,Graduate
2653,6,8,1,1,Dropout
2654,3,2,1,1,Graduate
2655,10,10,1,1,Graduate
2656,6,11,1,1,Graduate
2658,6,6,1,1,Dropout
2659,4,4,1,1,Dropout
2660,4,10,1,0,Dropout
2661,10,8,1,1,Graduate
2662,4,6,1,1,Dropout
2663,6,6,1,0,Dropout
2664,10,4,1,0,Graduate
2665,10,11,1,1,Dropout
2666,10,10,1,1,Graduate
2667,5,5,1,0,Dropout
2669,10,10,1,0,Dropout
2671,2,5,1,0,Graduate
2672,10,9,1,1,Dropout
2674,6,6,1,1,Graduate
2676,10,7,1,1,Dropout
2677,10,10,1,0,Graduate
2679,28,16,1,0,Graduate
2680,1,1,1,1,Graduate
2681,8,9,1,1,Dropout
2682,7,8,1,0,Dropout
2683,6,10,1,1,Graduate
2684,6,10,1,1,Dropout
2687,12,12,1,1,Dropout
2689,12,9,1,1,Dropout
2690,10,8,1,1,Dropout
2691,10,11,1,1,Graduate
2692,5,5,1,1,Graduate
2693,10,5,1,1,Graduate
2694,5,4,1,1,Graduate
2696,4,2,1,1,Dropout
2698,10,8,1,1,Dropout
2699,10,10,1,1,Graduate
2700,5,4,1,1,Dropout
2701,3,3,1,1,Dropout
2702,8,4,1,1,Dropout
2703,2,10,1,1,Dropout
2705,5,2,1,1,Dropout
2706,3,3,1,1,Graduate
2707,10,6,1,1,Dropout
2708,10,7,0,1,Graduate
2710,10,7,0,1,Graduate
2711,1,7,0,0,Dropout
2712,8,10,0,1,Dropout
2713,4,5,0,1,Graduate
2714,6,6,0,1,Dropout
2715,10,10,0,1,Graduate
2717,10,5,0,1,Graduate
2718,4,5,0,1,Graduate
2719,2,5,0,1,Graduate
2720,10,9,0,1,Graduate
2723,10,4,0,1,Dropout
2724,8,8,0,1,Graduate
2726,10,10,0,1,Graduate
2727,6,8,0,1,Graduate
2729,6,9,0,1,Graduate
2730,6,6,0,1,Graduate
2731,4,11,0,1,Graduate
2734,10,11,0,1,Graduate
2735,10,10,0,1,Graduate
2736,10,10,0,1,Graduate
2737,3,5,0,1,Dropout
2738,7,7,0,1,Graduate
2739,10,10,0,1,Graduate
2740,10,10,0,1,Graduate
2741,1,1,0,0,Graduate
2742,5,5,0,1,Graduate
2743,4,4,0,1,Graduate
2744,5,8,0,1,Dropout
2745,10,9,0,1,Graduate
2747,3,7,1,1,Dropout
2748,10,10,1,0,Dropout
2749,10,8,1,0,Dropout
2750,5,8,1,1,Dropout
2751,4,6,1,1,Graduate
2752,7,9,1,0,Dropout
2753,10,8,1,0,Graduate
2754,10,8,1,0,Dropout
2755,6,6,1,1,Graduate
2756,10,10,1,1,Dropout
2757,3,3,1,1,Dropout
2760,4,8,1,1,Dropout
2763,12,12,0,0,Graduate
2765,5,5,0,1,Graduate
2766,8,8,0,1,Graduate
2767,6,12,0,0,Dropout
2768,7,11,0,1,Graduate
2769,10,9,0,1,Dropout
2770,8,8,0,1,Graduate
2771,10,10,0,1,Graduate
2773,5,5,0,1,Graduate
2775,10,6,0,1,Graduate
2778,5,10,0,1,Graduate
2779,5,8,0,1,Graduate
2780,6,8,0,1,Graduate
2781,10,10,0,1,Dropout
2784,6,8,0,1,Graduate
2785,10,8,0,0,Graduate
2786,6,5,1,1,Dropout
2788,8,8,1,1,Dropout
2789,10,8,1,1,Dropout
2790,6,8,1,1,Dropout
2791,10,4,1,1,Graduate
2792,8,8,1,0,Graduate
2793,10,9,1,1,Graduate
2795,10,4,1,1,Graduate
2796,10,10,1,1,Dropout
2797,8,8,1,1,Graduate
2798,10,4,1,1,Graduate
2799,6,8,1,1,Dropout
2800,4,9,0,1,Graduate
2801,3,5,0,1,Dropout
2802,5,8,0,1,Graduate
2803,10,2,0,1,Graduate
2804,10,10,0,1,Graduate
2805,10,10,0,1,Graduate
2806,10,8,0,1,Graduate
2808,10,10,0,1,Graduate
2810,10,10,0,1,Graduate
2811,2,12,0,1,Dropout
2812,5,4,0,1,Graduate
2813,10,10,0,1,Graduate
2814,3,11,0,1,Graduate
2815,10,6,0,1,Graduate
2816,10,7,0,1,Graduate
2818,1,1,0,0,Graduate
2820,4,7,0,1,Graduate
2821,3,4,0,1,Dropout
2822,5,10,0,1,Graduate
2825,5,5,0,1,Dropout
2826,5,8,0,1,Graduate
2827,10,7,0,0,Graduate
2829,10,10,0,1,Dropout
2830,4,11,0,1,Graduate
2834,8,8,0,1,Graduate
2835,8,11,0,1,Graduate
2836,1,1,0,0,Dropout
2838,10,6,0,0,Dropout
2839,5,10,0,1,Graduate
2841,10,7,0,1,Graduate
2842,3,6,0,1,Graduate
2843,10,10,0,0,Dropout
2845,10,7,0,1,Graduate
2846,13,13,0,1,Dropout
2847,10,7,0,1,Dropout
2848,10,10,0,1,Dropout
2849,5,3,0,1,Graduate
2850,5,5,0,1,Dropout
2851,5,6,0,1,Graduate
2852,22,29,0,1,Graduate
2853,6,4,0,1,Graduate
2854,10,11,0,1,Dropout
2855,10,10,0,1,Dropout
2856,4,4,0,1,Graduate
2857,5,4,0,1,Dropout
2858,5,5,0,1,Graduate
2860,10,10,0,1,Graduate
2861,3,3,0,1,Graduate
2862,10,10,0,0,Graduate
2863,7,7,0,1,Graduate
2864,6,6,0,1,Dropout
2865,10,10,0,1,Graduate
2866,12,12,0,0,Dropout
2867,10,10,0,1,Graduate
2869,10,10,0,0,Graduate
2870,3,3,0,1,Graduate
2871,10,7,0,1,Dropout
2873,5,10,0,1,Graduate
2874,12,12,0,0,Dropout
2876,5,5,0,1,Dropout
2878,5,8,0,1,Dropout
2879,6,8,0,0,Dropout
2880,10,8,0,0,Graduate
2882,10,10,0,0,Dropout
2883,10,10,0,0,Graduate
2884,7,7,0,1,Graduate
2885,6,8,0,0,Graduate
2886,10,10,0,0,Graduate
2887,10,10,0,1,Graduate
2888,10,8,0,1,Graduate
2889,10,7,0,1,Graduate
2890,1,1,0,0,Graduate
2891,4,10,0,0,Dropout
2892,5,8,0,1,Graduate
2893,1,1,0,0,Dropout
2894,10,10,0,1,Graduate
2895,10,10,0,0,Graduate
2897,3,3,0,1,Graduate
2898,4,9,0,1,Graduate
2899,4,4,0,1,Graduate
2901,5,5,0,0,Dropout
2902,10,10,0,1,Graduate
2903,4,4,0,1,Graduate
2904,10,8,0,0,Dropout
2905,3,4,0,1,Graduate
2906,8,6,0,0,Graduate
2907,5,10,0,1,Graduate
2908,12,12,0,1,Graduate
2909,4,10,0,1,Dropout
2910,4,4,0,1,Dropout
2911,5,5,0,1,Graduate
2912,13,13,0,1,Dropout
2913,1,9,0,1,Graduate
2914,10,10,0,1,Dropout
2916,10,10,0,0,Graduate
2917,8,8,0,1,Graduate
2918,10,10,0,0,Dropout
2919,10,10,0,1,Dropout
2920,5,8,0,1,Graduate
2922,5,5,0,1,Dropout
2923,1,1,0,1,Dropout
2924,7,7,0,1,Graduate
2925,10,8,0,1,Graduate
2926,5,7,0,0,Graduate
2927,10,8,0,1,Graduate
2928,10,4,0,1,Dropout
2930,12,12,0,0,Dropout
2931,1,5,0,1,Dropout
2932,7,7,0,0,Dropout
2933,10,10,0,1,Graduate
2934,1,1,0,0,Dropout
2935,12,12,0,1,Dropout
2936,7,7,0,1,Dropout
2937,1,1,0,1,Dropout
2939,7,6,0,0,Dropout
2940,10,10,0,0,Graduate
2942,3,5,0,1,Graduate
2943,10,2,0,1,Graduate
2944,3,4,0,1,Graduate
2945,10,6,0,1,Dropout
2946,3,8,0,1,Dropout
2947,4,11,0,1,Graduate
2948,6,6,0,1,Graduate
2949,5,3,0,1,Dropout
2950,6,6,0,1,Graduate
2951,5,9,0,1,Graduate
2953,10,10,0,1,Dropout
2954,10,10,0,1,Graduate
2955,10,10,0,1,Graduate
2956,10,6,0,1,Dropout
2957,10,10,0,0,Graduate
2958,4,8,0,1,Dropout
2959,3,3,0,1,Graduate
2960,10,2,0,1,Graduate
2961,10,10,0,1,Graduate
2962,4,5,0,1,Dropout
2963,5,10,0,0,Graduate
2964,10,10,0,1,Dropout
2965,8,4,0,1,Graduate
2966,4,4,0,1,Graduate
2968,12,12,0,0,Graduate
2969,5,3,0,1,Graduate
2970,5,6,0,1,Graduate
2971,10,6,0,0,Dropout
2973,10,10,0,1,Graduate
2974,15,16,0,1,Dropout
2975,2,2,0,0,Graduate
2976,10,10,0,1,Graduate
2977,4,3,0,1,Dropout
2978,6,8,0,1,Graduate
2979,2,2,0,1,Dropout
2980,6,8,0,1,Graduate
2981,10,10,0,1,Graduate
2982,6,6,0,1,Graduate
2983,5,6,0,1,Graduate
2984,3,10,0,1,Graduate
2985,10,10,0,1,Graduate
2987,1,1,0,0,Graduate
2988,4,4,0,1,Graduate
2990,10,10,0,1,Graduate
2991,4,4,0,1,Graduate
2992,4,3,0,1,Dropout
2993,6,7,0,0,Graduate
2994,10,9,0,1,Graduate
2995,6,6,0,1,Graduate
2996,1,6,0,1,Graduate
2998,5,9,0,1,Graduate
2999,12,12,0,0,Dropout
3001,3,11,0,1,Graduate
3002,6,4,0,1,Dropout
3003,10,5,0,1,Dropout
3004,10,10,0,1,Graduate
3005,8,8,0,1,Graduate
3006,5,6,0,1,Graduate
3008,3,10,0,1,Dropout
3009,4,7,0,1,Graduate
3010,3,4,0,1,Graduate
3011,7,7,0,1,Dropout
3012,10,10,0,1,Graduate
3013,4,4,0,1,Graduate
3014,8,8,0,1,Dropout
3015,6,7,0,1,Graduate
3016,5,9,0,1,Graduate
3017,2,6,0,1,Graduate
3018,10,10,0,1,Graduate
3019,2,3,0,1,Graduate
3020,6,4,0,1,Graduate
3021,3,4,0,1,Graduate
3022,5,11,0,1,Dropout
3023,10,10,0,1,Graduate
3024,10,8,0,1,Graduate
3025,5,10,0,1,Graduate
3027,5,4,0,1,Dropout
3028,10,7,0,0,Graduate
3029,10,10,0,1,Graduate
3030,10,10,0,1,Dropout
3031,6,3,0,1,Graduate
3032,6,6,0,1,Graduate
3033,3,10,0,1,Graduate
3034,3,3,0,1,Graduate
3035,5,5,0,1,Graduate
3036,3,3,0,1,Dropout
3037,10,11,0,1,Graduate
3038,10,10,0,1,Graduate
3039,10,10,0,1,Dropout
3040,10,10,0,1,Dropout
3042,8,8,0,1,Graduate
3043,4,4,0,1,Graduate
3044,10,8,0,1,Graduate
3045,4,10,0,1,Graduate
3047,1,12,0,1,Dropout
3048,4,4,0,1,Graduate
3049,6,8,0,1,Graduate
3050,10,7,0,1,Dropout
3052,10,10,0,1,Graduate
3053,1,12,0,1,Dropout
3054,10,7,0,1,Graduate
3055,10,7,0,1,Dropout
3056,10,7,0,1,Graduate
3057,1,1,0,0,Dropout
3058,9,8,0,1,Graduate
3059,10,10,0,1,Graduate
3061,10,10,0,1,Dropout
3062,5,5,0,1,Dropout
3063,26,35,0,1,Graduate
3064,8,8,0,1,Graduate
3065,10,8,0,1,Dropout
3066,5,11,0,1,Graduate
3068,10,9,0,1,Graduate
3069,11,10,1,1,Dropout
3071,5,5,1,0,Dropout
3072,5,6,1,1,Dropout
3074,10,10,1,1,Dropout
3076,5,5,1,1,Dropout
3078,5,10,1,1,Graduate
3079,5,9,1,1,Dropout
3080,6,6,1,0,Graduate
3081,4,6,1,1,Graduate
3082,8,6,0,1,Graduate
3083,3,10,0,1,Dropout
3084,10,4,0,1,Graduate
3086,10,10,0,0,Graduate
3087,5,5,0,1,Graduate
3088,10,10,0,1,Graduate
3089,10,8,0,0,Dropout
3090,10,10,0,1,Graduate
3092,7,11,0,0,Graduate
3093,12,4,0,1,Graduate
3094,8,8,0,1,Dropout
3095,10,10,0,1,Graduate
3096,10,10,0,0,Graduate
3097,10,10,0,1,Dropout
3099,5,8,0,0,Dropout
3100,4,11,0,1,Graduate
3101,5,6,0,1,Graduate
3102,10,10,0,1,Dropout
3103,10,10,1,1,Dropout
3104,5,8,0,1,Graduate
3105,2,5,0,1,Dropout
3106,5,6,0,1,Graduate
3107,10,11,0,1,Graduate
3109,4,10,0,1,Graduate
3110,2,5,0,1,Dropout
3111,5,5,0,1,Graduate
3112,5,5,0,1,Dropout
3114,10,8,0,1,Graduate
3115,6,9,0,1,Graduate
3116,8,10,0,1,Dropout
3117,10,8,0,1,Graduate
3118,4,11,0,1,Graduate
3120,7,4,0,0,Dropout
3121,8,10,0,1,Graduate
3123,10,10,0,1,Graduate
3124,8,8,0,1,Graduate
3125,1,1,0,1,Graduate
3127,10,6,0,1,Graduate
3128,5,10,0,1,Graduate
3129,5,10,0,1,Graduate
3130,4,5,0,1,Graduate
3131,10,9,0,1,Graduate
3132,3,5,0,1,Graduate
3135,5,4,0,1,Graduate
3136,10,8,0,1,Graduate
3137,5,8,0,1,Graduate
3138,5,4,0,1,Graduate
3140,10,11,0,1,Graduate
3141,5,6,0,1,Graduate
3142,3,10,0,1,Dropout
3143,10,10,0,1,Graduate
3144,10,9,0,1,Graduate
3145,10,8,0,0,Graduate
3146,6,6,0,1,Graduate
3149,5,11,0,1,Graduate
3151,5,5,0,1,Dropout
3152,15,26,0,1,Graduate
3153,3,3,0,1,Graduate
3156,5,8,0,1,Graduate
3157,6,6,0,1,Dropout
3160,10,10,1,1,Graduate
3161,10,10,0,1,Graduate
3162,10,10,0,1,Graduate
3163,6,8,0,1,Graduate
3164,10,10,0,1,Graduate
3165,3,8,0,1,Graduate
3166,3,4,0,1,Dropout
3167,10,9,0,0,Dropout
3168,5,3,0,1,Dropout
3169,9,8,1,1,Graduate
3170,5,9,1,1,Graduate
3171,10,3,0,1,Dropout
3172,6,8,0,1,Dropout
3173,10,7,0,1,Graduate
3175,10,6,1,1,Dropout
3176,10,6,0,1,Graduate
3177,10,10,1,1,Dropout
3178,4,11,1,1,Graduate
3180,4,4,1,1,Graduate
3181,10,3,1,1,Dropout
3182,1,1,1,0,Graduate
3184,6,10,1,1,Graduate
3185,10,8,1,1,Dropout
3186,12,12,1,1,Dropout
3187,5,6,1,1,Dropout
3188,5,5,1,1,Dropout
3189,4,6,1,1,Dropout
3190,10,6,1,1,Dropout
3191,10,10,1,1,Dropout
3193,4,2,1,1,Dropout
3195,3,6,1,1,Dropout
3197,2,7,1,1,Graduate
3198,4,4,1,1,Dropout
3199,10,10,1,1,Graduate
3200,9,9,1,1,Dropout
3201,5,2,1,1,Graduate
3203,3,4,1,1,Dropout
3204,5,5,1,1,Dropout
3205,8,10,1,0,Dropout
3206,2,6,1,1,Graduate
3207,4,4,1,1,Dropout
3208,5,7,1,1,Dropout
3209,6,6,1,1,Graduate
3210,7,3,1,1,Graduate
3212,5,6,1,1,Graduate
3213,3,7,1,1,Dropout
3214,3,3,1,1,Graduate
3215,3,3,1,1,Graduate
3216,3,3,1,1,Dropout
3217,12,12,1,1,Graduate
3219,10,9,0,0,Dropout
3220,9,9,0,1,Dropout
3221,10,10,0,1,Dropout
3222,10,8,0,1,Graduate
3223,10,4,0,0,Dropout
3224,8,10,0,1,Dropout
3225,10,11,0,1,Graduate
3226,10,10,0,1,Graduate
3228,10,9,0,1,Graduate
3229,6,6,0,1,Graduate
3230,10,5,0,1,Graduate
3232,4,10,0,1,Graduate
3233,10,10,0,1,Dropout
3234,5,4,0,1,Graduate
3235,10,8,0,1,Graduate
3236,5,10,0,1,Graduate
3238,5,5,0,1,Graduate
3239,5,10,0,1,Graduate
3241,10,10,0,1,Graduate
3242,10,10,0,0,Dropout
3243,8,8,0,1,Graduate
3244,6,8,0,1,Dropout
3245,5,9,0,1,Dropout
3246,3,3,0,1,Graduate
3247,5,8,0,1,Graduate
3248,6,6,0,1,Graduate
3249,6,6,0,1,Graduate
3250,10,10,0,1,Dropout
3251,7,8,0,1,Graduate
3252,5,12,0,1,Dropout
3253,10,3,0,1,Dropout
3254,5,3,0,1,Graduate
3255,5,6,0,1,Graduate
3256,10,8,0,1,Graduate
3257,10,5,0,1,Graduate
3258,10,4,0,1,Graduate
3259,10,10,0,1,Graduate
3260,5,11,0,1,Graduate
3261,4,9,0,1,Graduate
3262,10,5,0,0,Dropout
3263,10,10,0,1,Graduate
3264,8,8,0,1,Dropout
3265,22,40,0,1,Graduate
3266,4,2,0,1,Graduate
3268,10,9,0,1,Dropout
3269,1,1,0,1,Dropout
3270,10,10,0,1,Dropout
3271,10,10,0,0,Graduate
3272,10,10,0,1,Graduate
3274,10,10,0,1,Dropout
3275,10,10,0,1,Graduate
3276,10,10,0,1,Dropout
3277,10,10,0,1,Graduate
3278,4,4,0,1,Dropout
3279,10,9,0,0,Graduate
3280,8,8,0,1,Graduate
3281,12,12,0,0,Dropout
3283,10,10,0,1,Graduate
3285,6,6,1,0,Graduate
3286,10,10,1,1,Dropout
3287,1,2,1,1,Dropout
3288,5,7,1,0,Graduate
3289,10,8,1,1,Graduate
3290,6,6,1,1,Dropout
3291,10,8,1,1,Dropout
3292,1,1,0,1,Dropout
3295,6,11,0,0,Graduate
3297,4,8,0,1,Dropout
3298,10,8,0,1,Graduate
3299,8,8,0,1,Dropout
3300,6,2,0,1,Dropout
3301,10,8,0,1,Graduate
3302,10,9,0,1,Graduate
3303,10,10,0,1,Graduate
3304,10,8,0,0,Graduate
3305,4,6,0,1,Graduate
3306,10,4,0,1,Graduate
3307,6,4,0,0,Graduate
3308,2,5,0,1,Graduate
3309,10,8,0,1,Dropout
3310,10,8,0,0,Graduate
3311,4,8,0,1,Dropout
3314,2,2,1,0,Dropout
3315,10,10,1,0,Graduate
3316,2,2,1,1,Dropout
3317,5,10,1,1,Graduate
3318,10,10,1,0,Dropout
3319,4,2,1,1,Graduate
3320,6,10,1,1,Graduate
3321,8,8,1,1,Dropout
3322,1,5,1,1,Dropout
3323,4,4,1,1,Dropout
3324,6,3,1,1,Dropout
3326,10,10,1,0,Graduate
3327,5,2,1,1,Dropout
3330,10,10,1,1,Graduate
3331,10,10,1,1,Dropout
3332,10,10,1,1,Dropout
3333,1,1,1,1,Dropout
3334,10,10,1,1,Graduate
3336,5,5,1,1,Dropout
3337,13,13,1,1,Dropout
3338,12,8,1,1,Dropout
3340,6,11,1,1,Dropout
3342,5,5,1,1,Graduate
3344,6,7,1,1,Dropout
3345,10,9,1,1,Dropout
3346,10,9,1,1,Dropout
3347,10,10,1,1,Dropout
3348,10,5,1,1,Graduate
3349,4,11,1,1,Dropout
3351,5,8,1,1,Dropout
3352,5,4,1,1,Dropout
3353,6,8,1,1,Graduate
3354,10,10,1,1,Graduate
3355,5,2,1,1,Dropout
3357,2,3,1,1,Dropout
3358,4,4,0,1,Dropout
3360,5,8,0,1,Dropout
3361,10,10,0,1,Graduate
3362,10,8,0,1,Graduate
3363,3,6,0,1,Dropout
3364,1,1,0,1,Dropout
3365,6,6,0,1,Dropout
3367,10,4,0,1,Graduate
3369,10,11,0,1,Dropout
3370,10,10,0,1,Dropout
3371,6,5,0,1,Graduate
3372,10,10,0,1,Graduate
3373,10,8,0,1,Graduate
3374,10,8,0,1,Graduate
3375,7,7,0,1,Graduate
3376,10,10,0,1,Graduate
3377,4,8,0,1,Graduate
3379,10,4,0,1,Graduate
3380,10,9,0,1,Dropout
3381,1,1,0,1,Dropout
3382,10,9,0,1,Graduate
3383,6,6,0,1,Dropout
3385,8,8,0,1,Graduate
3386,5,4,0,1,Graduate
3387,5,10,0,1,Graduate
3388,10,6,0,1,Graduate
3390,10,10,0,1,Graduate
3391,5,10,0,1,Graduate
3392,10,10,0,1,Graduate
3393,10,10,0,1,Graduate
3395,5,10,0,1,Graduate
3397,10,8,0,1,Graduate
3398,5,5,0,1,Graduate
3399,6,6,0,1,Graduate
3400,10,10,0,1,Graduate
3402,10,6,0,1,Graduate
3403,10,8,0,1,Graduate
3405,4,4,0,1,Graduate
3407,10,4,0,1,Graduate
3408,5,6,0,1,Dropout
3409,4,6,0,1,Graduate
3411,10,6,0,1,Graduate
3413,5,8,0,1,Dropout
3414,8,9,0,1,Graduate
3417,4,4,0,1,Dropout
3418,10,10,0,1,Graduate
3419,5,10,0,1,Graduate
3420,10,5,0,1,Graduate
3421,10,7,0,1,Dropout
3422,6,9,0,1,Dropout
3423,2,11,0,0,Dropout
3424,5,2,0,1,Dropout
3425,10,10,0,1,Dropout
3427,5,4,0,1,Graduate
3428,10,10,0,0,Dropout
3429,10,10,0,1,Dropout
3430,25,32,0,1,Graduate
3431,5,5,0,1,Graduate
3432,10,8,0,1,Graduate
3433,5,10,0,1,Dropout
3434,9,9,0,1,Dropout
3435,5,8,0,1,Graduate
3436,5,8,0,1,Graduate
3438,4,8,0,1,Graduate
3439,10,9,0,1,Dropout
3442,10,8,0,1,Graduate
3443,10,10,0,1,Graduate
3444,4,4,0,1,Dropout
3445,10,6,0,1,Graduate
3446,3,2,0,1,Dropout
3447,6,9,0,1,Graduate
3448,10,7,0,1,Graduate
3449,3,3,0,1,Graduate
3452,5,5,0,1,Graduate
3453,10,10,0,1,Graduate
3454,10,10,0,1,Dropout
3455,7,6,0,1,Graduate
3456,10,10,0,1,Graduate
3457,10,8,0,1,Graduate
3458,2,2,0,1,Graduate
3459,10,10,0,0,Dropout
3460,10,8,0,1,Graduate
3462,8,8,0,1,Dropout
3464,5,5,0,1,Graduate
3465,10,10,0,1,Dropout
3467,4,5,0,1,Graduate
3470,8,10,0,1,Graduate
3471,1,11,0,0,Graduate
3472,10,10,0,0,Dropout
3473,1,1,0,1,Dropout
3474,6,4,0,1,Dropout
3475,29,38,0,1,Graduate
3476,5,10,0,1,Graduate
3477,10,10,0,0,Dropout
3479,10,8,1,1,Graduate
3480,10,8,1,1,Graduate
3481,10,10,1,1,Graduate
3482,10,11,1,1,Dropout
3483,10,10,1,1,Dropout
3484,8,8,1,1,Dropout
3485,10,10,1,1,Dropout
3486,10,10,1,1,Graduate
3487,1,1,1,1,Dropout
3488,5,11,1,1,Dropout
3489,4,4,1,1,Graduate
3490,10,10,1,1,Dropout
3491,10,10,1,0,Dropout
3492,8,9,1,0,Dropout
3493,10,10,1,1,Dropout
3494,6,9,1,1,Graduate
3495,10,8,1,1,Graduate
3496,6,9,1,0,Dropout
3497,8,9,1,0,Dropout
3498,6,8,1,1,Graduate
3500,10,10,1,1,Dropout
3501,10,11,1,1,Dropout
3502,10,10,1,1,Graduate
3503,10,7,1,1,Graduate
3504,6,10,1,1,Graduate
3505,6,8,1,1,Dropout
3506,6,2,1,1,Dropout
3507,5,10,1,1,Graduate
3509,10,10,1,1,Graduate
3510,5,4,1,1,Dropout
3512,2,2,1,1,Dropout
3513,10,8,1,1,Dropout
3514,12,5,1,1,Dropout
3516,3,10,1,1,Dropout
3517,10,10,1,1,Dropout
3518,19,17,1,1,Dropout
3519,10,10,1,0,Dropout
3520,3,2,1,0,Graduate
3521,8,10,1,1,Dropout
3522,10,9,1,1,Graduate
3525,7,8,1,1,Graduate
3526,5,3,1,1,Dropout
3527,5,6,1,1,Dropout
3528,10,9,1,1,Dropout
3530,3,4,1,1,Graduate
3532,5,8,1,1,Graduate
3533,1,1,1,1,Dropout
3534,1,1,1,0,Dropout
3535,5,11,1,0,Dropout
3536,10,10,1,0,Dropout
3537,5,11,1,1,Dropout
3538,6,6,1,1,Dropout
3539,4,10,1,1,Graduate
3540,5,3,1,1,Dropout
3541,10,10,1,1,Dropout
3545,5,10,1,1,Graduate
3546,10,7,1,1,Graduate
3547,1,1,1,1,Dropout
3548,10,10,1,1,Dropout
3549,4,10,1,1,Graduate
3551,10,10,1,1,Dropout
3552,6,4,1,1,Dropout
3553,10,10,1,1,Dropout
3555,5,2,1,1,Graduate
3557,10,5,1,1,Dropout
3559,3,5,1,1,Graduate
3561,6,6,1,1,Graduate
3562,13,13,1,1,Dropout
3563,3,4,1,1,Dropout
3564,4,5,1,1,Dropout
3565,2,3,1,0,Dropout
3566,7,7,1,1,Graduate
3567,8,4,1,1,Graduate
3568,10,10,1,1,Graduate
3569,3,6,1,1,Dropout
3570,22,29,1,1,Graduate
3571,5,6,1,1,Graduate
3572,10,10,1,0,Dropout
3574,10,10,1,1,Graduate
3575,4,4,1,1,Graduate
3576,4,4,1,1,Graduate
3577,10,10,1,1,Dropout
3578,6,6,1,1,Dropout
3579,5,8,1,1,Graduate
3580,10,9,1,1,Graduate
3581,31,29,1,1,Graduate
3582,10,10,1,0,Dropout
3584,5,8,1,0,Graduate
3585,10,10,1,1,Dropout
3586,10,3,1,1,Dropout
3587,10,3,1,1,Graduate
3588,10,9,1,1,Graduate
3589,5,3,1,0,Dropout
3592,4,4,1,1,Dropout
3593,9,4,1,1,Dropout
3595,10,11,1,1,Dropout
3597,5,6,0,1,Graduate
3598,10,4,0,1,Graduate
3599,3,2,0,1,Dropout
3600,10,6,1,1,Dropout
3601,4,4,1,1,Graduate
3602,10,8,1,1,Graduate
3604,10,10,1,1,Graduate
3605,3,5,1,1,Graduate
3606,5,5,1,1,Dropout
3608,6,5,1,1,Dropout
3611,5,5,1,1,Graduate
3612,6,8,1,1,Dropout
3613,4,4,1,1,Dropout
3615,6,5,1,1,Dropout
3617,10,8,0,1,Dropout
3618,8,8,0,1,Graduate
3619,10,10,0,1,Graduate
3620,10,10,0,1,Dropout
3621,4,4,0,1,Graduate
3622,10,10,0,1,Graduate
3623,3,5,0,0,Dropout
3624,3,5,0,1,Graduate
3626,1,1,0,0,Dropout
3628,10,10,0,1,Dropout
3629,10,9,0,1,Graduate
3630,10,4,0,1,Graduate
3631,8,8,0,1,Dropout
3633,5,7,0,1,Graduate
3634,5,7,0,1,Graduate
3635,10,5,0,1,Graduate
3636,3,4,0,1,Graduate
3638,6,6,0,1,Graduate
3639,5,5,0,1,Graduate
3640,5,5,0,1,Graduate
3641,7,7,0,1,Dropout
3642,2,2,0,0,Graduate
3643,5,10,0,1,Graduate
3644,9,9,0,1,Graduate
3645,3,4,0,1,Graduate
3647,9,7,0,1,Dropout
3648,6,6,0,1,Graduate
3649,10,9,0,1,Dropout
3650,4,10,0,1,Graduate
3652,10,10,0,1,Graduate
3654,5,11,0,1,Graduate
3655,4,6,0,1,Graduate
3656,5,11,0,1,Graduate
3657,10,3,0,1,Graduate
3658,6,9,0,0,Graduate
3660,8,11,0,1,Dropout
3661,15,20,0,1,Graduate
3662,10,11,0,1,Graduate
3663,10,9,0,1,Graduate
3664,6,10,0,1,Dropout
3666,1,5,1,1,Dropout
3667,13,13,1,1,Dropout
3668,10,10,0,1,Graduate
3669,3,3,0,1,Graduate
3670,5,5,0,1,Graduate
3671,10,10,0,1,Graduate
3672,5,8,0,1,Graduate
3673,22,27,0,0,Graduate
3674,4,6,0,1,Graduate
3675,10,4,0,1,Graduate
3676,10,8,0,1,Graduate
3677,6,1,0,1,Dropout
3678,20,18,0,1,Graduate
3679,4,4,0,1,Graduate
3680,10,10,1,1,Dropout
3682,10,10,1,0,Dropout
3683,6,6,1,1,Graduate
3684,10,8,1,1,Dropout
3685,5,11,1,1,Dropout
3686,1,1,1,1,Dropout
3687,10,8,1,1,Dropout
3688,10,11,1,1,Graduate
3690,10,5,1,1,Graduate
3691,5,6,1,1,Dropout
3692,8,8,1,1,Dropout
3693,10,8,1,1,Dropout
3694,10,10,1,1,Dropout
3695,10,10,1,0,Dropout
3696,10,10,1,1,Graduate
3698,6,11,1,1,Graduate
3699,3,6,1,1,Dropout
3702,5,3,1,1,Dropout
3703,10,10,1,1,Dropout
3704,5,2,1,1,Graduate
3705,10,7,1,1,Dropout
3706,6,6,1,1,Graduate
3707,6,11,1,1,Graduate
3708,10,11,1,1,Dropout
3709,6,4,1,1,Dropout
3710,23,30,1,1,Graduate
3711,10,10,1,1,Dropout
3712,5,8,1,1,Dropout
3713,2,2,1,1,Dropout
3714,10,4,1,1,Dropout
3716,3,11,1,1,Dropout
3717,10,10,1,1,Graduate
3718,2,8,1,1,Dropout
3719,6,9,1,1,Dropout
3721,8,8,1,1,Dropout
3722,10,2,1,1,Dropout
3723,5,5,1,1,Dropout
3724,10,10,1,1,Dropout
3725,4,11,1,1,Dropout
3726,6,6,1,0,Dropout
3727,10,8,1,1,Graduate
3728,10,11,1,0,Graduate
3729,5,9,1,1,Graduate
3730,8,8,1,1,Graduate
3731,10,10,1,1,Dropout
3732,2,2,1,1,Graduate
3733,8,8,1,1,Dropout
3734,10,6,1,1,Dropout
3735,10,10,1,1,Graduate
3738,10,4,1,1,Graduate
3739,10,8,1,1,Dropout
3740,4,11,1,1,Dropout
3742,8,10,0,1,Graduate
3744,5,1,0,1,Dropout
3745,5,4,0,1,Graduate
3746,5,5,0,1,Graduate
3747,4,3,0,1,Graduate
3748,5,6,0,1,Dropout
3749,2,6,0,1,Graduate
3750,8,8,0,1,Graduate
3751,3,11,0,1,Graduate
3752,10,5,0,1,Graduate
3753,10,10,0,1,Graduate
3754,8,12,0,1,Dropout
3755,4,5,0,1,Dropout
3756,10,10,0,0,Graduate
3757,5,4,0,1,Graduate
3759,7,8,0,0,Dropout
3760,10,10,0,1,Graduate
3761,5,11,0,1,Dropout
3762,6,8,0,1,Graduate
3763,5,10,0,1,Graduate
3764,4,8,0,1,Graduate
3765,7,7,0,1,Graduate
3766,10,8,0,1,Graduate
3767,10,9,0,1,Dropout
3769,5,5,0,1,Dropout
3770,5,9,0,1,Dropout
3771,5,4,0,1,Graduate
3772,10,8,0,1,Graduate
3773,10,10,0,1,Dropout
3774,5,8,0,1,Graduate
3775,5,10,0,1,Dropout
3776,3,7,0,1,Graduate
3777,8,4,0,1,Graduate
3780,2,2,0,1,Graduate
3781,5,8,0,1,Graduate
3782,6,6,0,1,Graduate
3784,10,4,0,0,Dropout
3786,3,4,1,1,Dropout
3787,10,9,1,1,Dropout
3789,5,3,1,1,Dropout
3790,5,8,1,1,Graduate
3791,4,7,1,1,Dropout
3792,12,4,1,1,Dropout
3793,6,8,1,1,Dropout
3794,8,10,1,1,Dropout
3795,3,8,1,1,Graduate
3796,5,5,1,1,Graduate
3797,2,8,1,1,Dropout
3798,10,10,1,1,Graduate
3799,6,4,0,1,Dropout
3800,1,4,0,1,Dropout
3801,7,7,0,1,Graduate
3802,10,10,0,0,Graduate
3803,1,1,0,0,Graduate
3804,6,6,0,1,Dropout
3805,10,10,0,0,Dropout
3806,6,8,0,1,Graduate
3807,1,1,0,0,Graduate
3808,1,1,0,1,Dropout
3809,1,1,0,0,Dropout
3811,10,9,0,0,Dropout
3812,10,7,0,1,Graduate
3813,10,5,0,0,Graduate
3814,12,12,0,1,Graduate
3816,10,10,1,1,Dropout
3817,6,10,1,1,Graduate
3818,7,7,1,1,Dropout
3819,4,6,1,1,Dropout
3821,6,7,1,1,Dropout
3822,6,6,1,1,Graduate
3823,10,10,1,1,Dropout
3825,8,9,1,1,Dropout
3826,10,5,1,1,Dropout
3827,10,7,1,1,Graduate
3828,5,11,1,1,Dropout
3829,5,10,1,1,Dropout
3830,5,5,1,1,Graduate
3833,9,11,1,1,Dropout
3834,5,5,1,1,Graduate
3835,2,5,1,1,Dropout
3836,10,4,1,1,Dropout
3837,2,10,1,1,Dropout
3838,10,9,1,1,Dropout
3839,10,10,1,1,Dropout
3842,3,9,1,1,Dropout
3843,10,10,1,1,Dropout
3844,5,6,1,1,Graduate
3845,13,13,1,1,Dropout
3846,10,6,1,1,Dropout
3847,4,4,1,1,Dropout
3848,7,7,1,1,Dropout
3849,10,8,1,1,Graduate
3850,10,10,1,0,Dropout
3851,5,10,1,1,Dropout
3852,6,10,1,1,Dropout
3853,10,10,1,1,Dropout
3854,1,5,1,1,Dropout
3855,3,10,1,1,Graduate
3856,10,10,1,1,Graduate
3857,10,11,1,0,Graduate
3858,1,3,1,1,Dropout
3859,4,11,1,0,Dropout
3860,10,8,1,1,Dropout
3861,7,8,1,1,Dropout
3862,10,10,1,1,Graduate
3863,10,8,1,1,Graduate
3864,5,7,1,1,Dropout
3865,5,6,1,1,Dropout
3866,8,8,1,1,Dropout
3867,5,10,1,1,Graduate
3868,4,11,1,1,Graduate
3869,5,5,1,1,Dropout
3870,5,6,1,1,Graduate
3871,10,10,1,1,Graduate
3872,5,11,1,1,Graduate
3873,4,4,1,1,Dropout
3874,12,2,1,1,Dropout
3875,1,1,1,1,Dropout
3876,5,11,0,1,Dropout
3877,5,4,0,1,Graduate
3878,6,10,0,1,Graduate
3879,10,10,0,0,Graduate
3880,8,4,0,1,Graduate
3881,6,8,0,1,Graduate
3882,10,10,0,1,Dropout
3883,10,10,0,1,Graduate
3884,10,6,0,1,Graduate
3885,10,8,0,1,Graduate
3888,6,4,0,1,Graduate
3889,4,9,0,1,Graduate
3892,6,8,0,1,Graduate
3893,12,12,0,1,Dropout
3895,10,8,1,1,Graduate
3897,10,7,1,1,Graduate
3898,5,8,0,1,Graduate
3900,10,10,0,1,Graduate
3903,5,8,0,1,Dropout
3904,10,6,0,1,Dropout
3905,10,9,0,1,Graduate
3906,10,10,0,1,Graduate
3908,10,8,0,1,Graduate
3909,12,12,0,1,Dropout
3911,10,11,0,0,Graduate
3912,10,7,0,1,Graduate
3913,1,6,0,1,Graduate
3914,10,5,0,0,Dropout
3915,10,7,0,1,Graduate
3916,7,7,0,0,Graduate
3917,10,8,0,1,Graduate
3919,5,4,0,1,Graduate
3920,10,6,0,1,Graduate
3921,6,8,0,1,Graduate
3922,6,6,0,1,Graduate
3923,6,6,0,0,Graduate
3926,5,4,0,1,Graduate
3927,6,4,0,1,Dropout
3928,6,6,0,1,Graduate
3930,6,10,0,1,Graduate
3931,5,10,0,1,Graduate
3932,8,4,0,0,Graduate
3934,10,10,0,1,Dropout
3936,10,10,0,1,Dropout
3938,6,6,0,1,Graduate
3939,6,11,0,1,Graduate
3941,10,5,0,1,Dropout
3942,3,3,0,1,Graduate
3943,5,9,0,1,Dropout
3944,5,9,0,1,Dropout
3945,10,9,0,1,Graduate
3946,3,7,0,1,Graduate
3947,4,8,0,1,Dropout
3948,10,5,0,1,Graduate
3949,10,11,0,1,Graduate
3950,10,10,0,1,Dropout
3951,2,8,0,1,Dropout
3952,10,5,0,1,Graduate
3953,12,12,0,1,Graduate
3954,3,2,0,1,Dropout
3955,5,11,0,1,Dropout
3956,10,11,0,1,Graduate
3957,8,10,0,1,Graduate
3958,4,11,0,1,Graduate
3959,5,5,0,1,Graduate
3960,10,10,0,1,Dropout
3961,10,5,0,1,Graduate
3962,5,4,0,1,Graduate
3963,6,6,0,1,Graduate
3964,5,6,0,1,Dropout
3965,6,6,0,1,Graduate
3966,10,5,0,1,Dropout
3968,3,5,0,1,Graduate
3969,10,10,0,0,Graduate
3970,4,4,0,1,Graduate
3971,6,4,0,1,Graduate
3972,10,10,0,0,Graduate
3973,10,8,0,1,Graduate
3974,8,8,0,1,Graduate
3975,6,6,0,1,Graduate
3976,10,8,0,1,Graduate
3977,10,5,0,1,Graduate
3978,4,8,0,1,Graduate
3980,5,8,0,1,Graduate
3981,3,3,0,1,Graduate
3982,5,4,0,1,Graduate
3983,10,8,0,1,Graduate
3984,10,7,0,1,Dropout
3985,10,9,0,1,Graduate
3986,10,10,0,1,Graduate
3987,5,4,0,1,Graduate
3988,10,10,0,1,Graduate
3989,10,5,0,1,Graduate
3990,25,26,0,1,Graduate
3991,6,6,0,1,Dropout
3992,24,36,0,1,Graduate
3993,10,10,0,1,Graduate
3994,3,5,0,1,Graduate
3995,10,10,0,0,Dropout
3996,10,10,0,1,Dropout
3997,5,7,0,1,Graduate
3998,5,7,0,1,Dropout
3999,5,9,0,1,Dropout
4000,10,10,1,1,Dropout
4001,4,3,1,1,Dropout
4002,10,6,1,1,Graduate
4003,10,10,1,1,Graduate
4004,10,10,1,1,Graduate
4005,12,11,1,1,Dropout
4006,10,10,1,1,Graduate
4007,5,8,1,1,Dropout
4008,6,10,1,1,Dropout
4009,6,10,1,1,Dropout
4010,10,11,1,1,Dropout
4012,10,10,0,1,Dropout
4013,4,4,0,1,Graduate
4014,8,8,0,1,Graduate
4015,6,6,0,0,Dropout
4016,10,5,0,1,Dropout
4017,10,8,0,0,Dropout
4018,10,9,0,1,Graduate
4019,6,10,0,1,Graduate
4020,2,8,0,1,Dropout
4021,2,8,0,0,Graduate
4022,6,9,0,1,Graduate
4023,5,3,0,1,Dropout
4026,10,6,0,1,Graduate
4027,5,10,0,1,Dropout
4028,5,6,0,1,Graduate
4029,3,4,0,1,Dropout
4030,10,8,0,1,Graduate
4032,4,10,1,1,Graduate
4033,3,3,1,1,Dropout
4034,1,1,1,0,Dropout
4035,5,9,1,1,Dropout
4036,5,11,0,1,Graduate
4038,10,10,0,1,Graduate
4039,3,4,0,1,Graduate
4040,3,5,0,1,Graduate
4041,10,5,0,1,Graduate
4042,10,10,0,1,Graduate
4044,29,44,0,1,Graduate
4045,8,9,0,1,Dropout
4046,10,9,0,1,Graduate
4047,10,11,0,1,Graduate
4048,10,8,0,1,Graduate
4049,5,6,0,1,Graduate
4050,1,1,0,1,Dropout
4051,8,8,0,1,Graduate
4052,10,10,0,1,Dropout
4054,6,6,0,1,Graduate
4055,3,10,0,1,Dropout
4056,31,14,0,1,Graduate
4058,10,2,0,1,Graduate
4059,6,6,0,1,Dropout
4060,3,3,0,1,Graduate
4061,3,4,0,1,Graduate
4062,5,8,0,1,Graduate
4063,10,8,0,0,Graduate
4066,10,10,0,1,Graduate
4067,10,10,0,0,Dropout
4068,6,8,0,1,Graduate
4069,4,4,0,1,Graduate
4070,4,4,0,1,Graduate
4071,5,10,0,1,Dropout
4073,6,8,0,1,Graduate
4074,5,10,0,1,Graduate
4075,6,8,0,1,Dropout
4076,10,8,0,1,Graduate
4077,6,8,0,1,Dropout
4078,5,9,0,0,Graduate
4080,8,10,0,1,Dropout
4083,3,4,0,0,Graduate
4084,10,10,0,1,Dropout
4085,4,4,0,1,Dropout
4086,10,8,0,0,Graduate
4089,1,1,0,0,Dropout
4090,1,1,0,0,Graduate
4091,10,9,0,0,Dropout
4092,5,11,0,1,Dropout
4093,8,8,0,1,Graduate
4094,5,6,0,1,Graduate
4095,10,9,0,1,Graduate
4096,10,10,0,0,Graduate
4097,10,10,0,0,Graduate
4098,6,6,0,1,Dropout
4099,5,1,0,1,Dropout
4101,10,10,0,1,Graduate
4102,10,10,0,1,Graduate
4104,10,11,0,1,Graduate
4105,10,10,1,1,Graduate
4106,6,8,0,1,Graduate
4107,10,8,0,1,Dropout
4108,5,6,0,1,Graduate
4109,5,6,0,1,Graduate
4110,10,6,0,1,Graduate
4111,10,10,0,1,Graduate
4112,8,8,0,1,Graduate
4113,8,8,0,1,Dropout
4114,3,8,0,1,Graduate
4117,10,10,0,1,Graduate
4118,5,4,0,1,Graduate
4119,5,11,0,1,Graduate
4120,6,4,0,1,Graduate
4121,5,5,0,1,Graduate
4122,8,8,0,1,Graduate
4123,10,10,0,1,Graduate
4127,6,3,0,0,Graduate
4128,10,10,0,1,Graduate
4129,8,10,0,1,Graduate
4130,10,6,0,1,Graduate
4131,2,2,0,1,Graduate
4134,5,8,0,1,Graduate
4135,10,8,0,0,Graduate
4136,6,6,0,1,Graduate
4137,10,10,0,1,Graduate
4138,6,1,0,1,Dropout
4139,8,8,0,1,Graduate
4140,13,13,0,1,Dropout
4141,3,3,0,1,Dropout
4142,1,13,0,0,Graduate
4145,2,4,0,1,Dropout
4146,10,11,0,1,Dropout
4149,10,9,0,1,Graduate
4150,1,7,0,1,Graduate
4151,6,6,0,1,Graduate
4152,12,12,0,1,Graduate
4154,7,8,0,1,Dropout
4155,3,4,0,1,Graduate
4157,3,10,0,1,Dropout
4158,5,8,0,1,Graduate
4159,6,10,0,1,Graduate
4160,8,8,0,0,Graduate
4162,12,12,0,1,Dropout
4163,10,10,0,1,Graduate
4164,8,8,0,1,Dropout
4165,10,10,0,1,Graduate
4167,5,8,0,1,Graduate
4168,1,6,0,1,Graduate
4169,1,6,0,1,Dropout
4173,8,8,0,1,Graduate
4174,6,7,0,1,Graduate
4175,10,6,0,1,Graduate
4176,8,10,0,1,Graduate
4178,8,10,0,1,Graduate
4179,5,8,0,1,Graduate
4181,10,10,0,1,Dropout
4182,3,3,0,1,Dropout
4183,10,11,0,1,Graduate
4184,1,8,0,1,Graduate
4187,4,8,0,0,Graduate
4188,8,1,0,1,Graduate
4189,2,2,0,1,Graduate
4190,10,10,0,0,Dropout
4193,5,5,0,1,Graduate
4194,10,10,0,1,Dropout
4195,10,8,0,1,Graduate
4196,6,6,0,1,Graduate
4197,5,3,0,1,Graduate
4199,6,6,0,1,Graduate
4200,29,33,0,1,Graduate
4201,6,7,0,0,Graduate
4203,10,10,0,1,Graduate
4204,1,8,0,1,Dropout
4205,5,10,0,1,Graduate
4206,10,10,0,1,Graduate
4207,8,9,0,1,Graduate
4208,5,10,0,1,Dropout
4209,10,10,1,1,Graduate
4210,4,8,0,1,Graduate
4211,6,5,0,1,Graduate
4212,5,9,0,1,Graduate
4213,10,10,0,1,Graduate
4214,6,7,0,1,Graduate
4215,6,7,0,1,Dropout
4216,4,4,0,1,Dropout
4217,10,4,0,1,Graduate
4219,10,10,0,1,Graduate
4220,1,5,0,1,Dropout
4221,10,10,0,1,Graduate
4222,10,10,0,1,Graduate
4223,6,6,0,1,Graduate
4224,6,9,0,1,Graduate
4225,6,1,0,1,Graduate
4226,6,6,0,0,Dropout
4227,8,5,0,1,Graduate
4229,13,6,0,1,Dropout
4230,3,3,0,1,Graduate
4232,5,5,0,1,Dropout
4233,10,6,0,1,Graduate
4236,10,10,1,1,Graduate
4238,5,12,1,1,Dropout
4239,4,3,0,1,Graduate
4240,10,5,0,1,Graduate
4241,10,10,0,1,Dropout
4242,4,4,0,1,Dropout
4244,3,6,0,1,Dropout
4245,10,7,0,1,Dropout
4246,4,4,0,0,Dropout
4247,5,8,0,0,Graduate
4248,5,7,0,1,Dropout
4249,10,10,0,0,Graduate
4250,6,8,0,1,Dropout
4251,5,4,0,1,Dropout
4252,10,10,0,0,Graduate
4253,10,5,0,1,Dropout
4254,6,10,0,1,Dropout
4255,3,3,0,0,Dropout
4256,5,9,0,1,Graduate
4258,8,8,0,1,Graduate
4259,10,11,0,1,Dropout
4260,10,10,0,1,Dropout
4261,10,10,0,0,Dropout
4262,4,8,0,1,Graduate
4263,10,5,1,0,Dropout
4264,10,10,1,1,Graduate
4265,10,6,1,1,Graduate
4267,6,6,1,1,Graduate
4268,5,5,1,0,Dropout
4270,10,8,1,1,Graduate
4271,2,5,1,1,Dropout
4272,10,10,1,1,Graduate
4276,5,8,1,1,Dropout
4277,12,6,1,1,Dropout
4278,5,8,1,1,Graduate
4279,10,10,1,1,Dropout
4280,10,8,1,0,Dropout
4282,6,10,1,1,Dropout
4283,8,10,1,1,Dropout
4286,10,10,1,1,Graduate
4287,5,5,1,1,Graduate
4288,10,3,1,1,Dropout
4289,8,4,1,1,Graduate
4290,5,5,1,1,Graduate
4291,5,6,1,1,Graduate
4292,5,7,1,1,Graduate
4293,10,10,1,1,Dropout
4294,8,8,1,1,Graduate
4296,6,6,1,1,Graduate
4297,10,7,1,1,Graduate
4298,10,10,1,0,Dropout
4299,10,9,1,1,Dropout
4300,7,7,1,1,Graduate
4301,10,8,1,1,Dropout
4302,10,10,1,1,Dropout
4303,5,6,1,1,Dropout
4304,8,6,1,1,Dropout
4305,10,10,1,1,Dropout
4306,5,5,1,1,Dropout
4307,1,1,1,1,Dropout
4308,2,8,1,1,Dropout
4309,10,10,1,1,Graduate
4310,10,5,1,1,Graduate
4312,4,10,1,0,Dropout
4313,3,6,1,1,Graduate
4314,10,7,1,1,Dropout
4315,5,2,1,1,Dropout
4316,15,21,1,1,Graduate
4317,5,9,1,1,Graduate
4318,10,8,0,1,Graduate
4319,10,10,1,1,Graduate
4322,4,6,0,1,Dropout
4323,10,7,0,0,Dropout
4324,8,10,0,1,Graduate
4325,4,8,0,0,Graduate
4326,10,9,0,0,Dropout
4327,10,10,0,1,Dropout
4328,5,2,0,1,Dropout
4329,10,6,0,1,Graduate
4330,9,10,0,1,Dropout
4331,6,10,0,1,Dropout
4332,10,10,0,1,Graduate
4333,10,9,0,1,Dropout
4334,10,11,0,1,Graduate
4337,5,10,0,1,Graduate
4339,3,7,0,1,Graduate
4340,3,3,0,1,Graduate
4341,6,10,0,1,Graduate
4342,1,1,0,1,Dropout
4344,10,10,0,1,Dropout
4345,6,11,0,1,Graduate
4346,6,6,0,1,Dropout
4347,5,5,0,1,Dropout
4348,3,10,0,1,Graduate
4349,10,7,0,1,Graduate
4350,5,4,0,1,Graduate
4351,5,9,0,1,Graduate
4352,10,8,0,1,Dropout
4353,5,5,0,1,Graduate
4355,3,6,0,1,Graduate
4356,5,9,0,1,Dropout
4357,8,9,0,0,Dropout
4358,10,10,0,1,Dropout
4359,5,6,0,1,Graduate
4360,5,9,0,1,Graduate
4361,3,4,0,1,Graduate
4362,10,12,0,1,Graduate
4363,1,1,0,1,Dropout
4365,5,10,1,1,Graduate
4366,4,10,1,1,Graduate
4367,2,2,1,1,Graduate
4368,10,10,1,0,Dropout
4370,6,3,1,1,Graduate
4371,4,4,1,1,Graduate
4372,10,10,1,1,Dropout
4374,5,10,0,1,Graduate
4375,10,10,0,0,Dropout
4376,10,11,0,1,Graduate
4377,10,10,0,0,Dropout
4378,10,10,0,1,Graduate
4379,8,8,0,0,Dropout
4380,8,9,0,1,Dropout
4382,10,10,0,1,Graduate
4383,10,10,0,0,Graduate
4384,10,8,0,1,Dropout
4385,31,45,0,1,Dropout
4386,9,8,0,1,Dropout
4387,10,10,0,0,Dropout
4388,10,10,0,1,Dropout
4389,10,8,0,1,Graduate
4390,10,10,0,1,Graduate
4393,6,8,0,0,Graduate
4394,10,11,0,1,Graduate
4395,13,13,0,1,Dropout
4396,10,11,0,1,Graduate
4398,8,10,0,1,Graduate
4399,10,10,0,1,Graduate
4400,7,4,1,0,Dropout
4401,12,12,1,1,Dropout
4403,5,11,1,1,Graduate
4404,9,9,1,1,Dropout
4405,8,8,1,1,Graduate
4407,5,5,1,1,Graduate
4408,10,10,1,1,Dropout
4409,5,2,1,0,Graduate
4410,10,5,1,1,Graduate
4411,10,4,1,1,Dropout
4414,4,6,0,1,Graduate
4415,7,7,0,1,Dropout
4416,10,6,0,1,Graduate
4417,10,10,0,1,Graduate
4418,4,10,1,1,Graduate
4419,6,5,1,1,Graduate
4420,10,10,0,1,Dropout
4421,10,10,0,1,Dropout
4422,8,5,0,1,Graduate
4423,6,10,0,1,Graduate
